file_path,model,dataset_source,label,prediction,confidence,weather,lighting_tag,occlusion_tag,annotation_source
data/raw/dataset_b/subset/PATCHES/RAINY/2015-11-21/camera9/R_2015-11-21_17.17_C09_254.jpg,baseline,dataset_b,0,1,1.0,RAINY,DARK,,assistant_visual_review_of_original_crop_contact_sheet
data/raw/dataset_b/subset/PATCHES/OVERCAST/2015-11-20/camera2/O_2015-11-20_08.14_C02_188.jpg,baseline,dataset_b,0,1,0.9999998807907104,OVERCAST,NORMAL,PARTIAL,assistant_visual_review_of_original_crop_contact_sheet
data/raw/dataset_b/subset/PATCHES/SUNNY/2015-11-12/camera7/S_2015-11-12_16.17_C07_211.jpg,baseline,dataset_b,0,1,0.9999933242797852,SUNNY,NORMAL,PARTIAL,assistant_visual_review_of_original_crop_contact_sheet
data/raw/dataset_b/subset/PATCHES/SUNNY/2015-11-27/camera3/S_2015-11-27_07.16_C03_193.jpg,baseline,dataset_b,0,1,0.9999847412109375,SUNNY,NORMAL,PARTIAL,assistant_visual_review_of_original_crop_contact_sheet
data/raw/dataset_b/subset/PATCHES/SUNNY/2016-01-13/camera1/S_2016-01-13_16.18_C01_225.jpg,baseline,dataset_b,0,1,0.9984245300292969,SUNNY,SHADOW,PARTIAL,assistant_visual_review_of_original_crop_contact_sheet
data/raw/dataset_b/subset/PATCHES/SUNNY/2015-11-22/camera9/S_2015-11-22_09.17_C09_331.jpg,mobilenet,dataset_b,1,0,0.9945709109306335,SUNNY,NORMAL,HEAVY,assistant_visual_review_of_original_crop_contact_sheet
data/raw/dataset_b/subset/PATCHES/SUNNY/2016-01-15/camera3/S_2016-01-15_09.05_C03_297.jpg,baseline,dataset_b,0,1,0.9944707155227661,SUNNY,NORMAL,HEAVY,assistant_visual_review_of_original_crop_contact_sheet
data/raw/dataset_b/subset/PATCHES/RAINY/2016-01-09/camera1/R_2016-01-09_13.19_C01_186.jpg,mobilenet,dataset_b,1,0,0.987793505191803,RAINY,NORMAL,HEAVY,assistant_visual_review_of_original_crop_contact_sheet
data/raw/dataset_b/subset/PATCHES/SUNNY/2016-01-18/camera6/S_2016-01-18_13.40_C06_276.jpg,baseline,dataset_b,0,1,0.9842632412910461,SUNNY,SHADOW,PARTIAL,assistant_visual_review_of_original_crop_contact_sheet
data/raw/dataset_b/subset/PATCHES/SUNNY/2015-12-17/camera7/S_2015-12-17_09.24_C07_274.jpg,baseline,dataset_b,0,1,0.9688572287559509,SUNNY,SHADOW,NONE,assistant_visual_review_of_original_crop_contact_sheet
data/raw/dataset_b/subset/PATCHES/SUNNY/2016-01-16/camera1/S_2016-01-16_07.35_C01_186.jpg,mobilenet,dataset_b,1,0,0.926353931427002,SUNNY,DARK,HEAVY,assistant_visual_review_of_original_crop_contact_sheet
data/raw/dataset_b/subset/PATCHES/SUNNY/2015-11-12/camera7/S_2015-11-12_16.17_C07_211.jpg,mobilenet,dataset_b,0,1,0.9035780429840088,SUNNY,NORMAL,PARTIAL,assistant_visual_review_of_original_crop_contact_sheet
data/raw/dataset_b/subset/PATCHES/SUNNY/2015-11-22/camera1/S_2015-11-22_16.40_C01_186.jpg,mobilenet,dataset_b,1,0,0.7806038856506348,SUNNY,NORMAL,HEAVY,assistant_visual_review_of_original_crop_contact_sheet
data/raw/dataset_b/subset/PATCHES/SUNNY/2015-12-17/camera5/S_2015-12-17_08.56_C05_198.jpg,baseline,dataset_b,0,1,0.6549369096755981,SUNNY,SHADOW,PARTIAL,assistant_visual_review_of_original_crop_contact_sheet
data/raw/dataset_b/subset/PATCHES/RAINY/2015-11-21/camera9/R_2015-11-21_17.17_C09_254.jpg,mobilenet,dataset_b,0,1,0.5718077421188354,RAINY,DARK,,assistant_visual_review_of_original_crop_contact_sheet
data/raw/dataset_b/subset/PATCHES/OVERCAST/2015-12-18/camera6/O_2015-12-18_12.21_C06_313.jpg,mobilenet,dataset_b,1,0,0.5240902900695801,OVERCAST,DARK,PARTIAL,assistant_visual_review_of_original_crop_contact_sheet
data/raw/dataset_b/subset/PATCHES/OVERCAST/2015-11-16/camera1/O_2015-11-16_08.10_C01_264.jpg,baseline,dataset_b,0,1,1.0,OVERCAST,,,
data/raw/dataset_b/subset/PATCHES/OVERCAST/2015-11-16/camera2/O_2015-11-16_08.14_C02_187.jpg,baseline,dataset_b,0,1,1.0,OVERCAST,NORMAL,NONE,assistant_visual_review_of_original_crop_contact_sheet
data/raw/dataset_b/subset/PATCHES/OVERCAST/2015-11-16/camera3/O_2015-11-16_07.45_C03_263.jpg,baseline,dataset_b,0,1,1.0,OVERCAST,,,
data/raw/dataset_b/subset/PATCHES/OVERCAST/2015-11-16/camera3/O_2015-11-16_08.15_C03_262.jpg,baseline,dataset_b,0,1,1.0,OVERCAST,,,
data/raw/dataset_b/subset/PATCHES/OVERCAST/2015-11-16/camera4/O_2015-11-16_07.46_C04_265.jpg,baseline,dataset_b,0,1,1.0,OVERCAST,,,
data/raw/dataset_b/subset/PATCHES/OVERCAST/2015-11-16/camera4/O_2015-11-16_07.46_C04_269.jpg,baseline,dataset_b,0,1,1.0,OVERCAST,,,
data/raw/dataset_b/subset/PATCHES/OVERCAST/2015-11-16/camera8/O_2015-11-16_08.22_C08_283.jpg,baseline,dataset_b,0,1,1.0,OVERCAST,,,
data/raw/dataset_b/subset/PATCHES/OVERCAST/2015-11-16/camera9/O_2015-11-16_07.17_C09_290.jpg,baseline,dataset_b,0,1,1.0,OVERCAST,,,
data/raw/dataset_b/subset/PATCHES/OVERCAST/2015-11-20/camera1/O_2015-11-20_07.10_C01_263.jpg,baseline,dataset_b,0,1,1.0,OVERCAST,,,
data/raw/dataset_b/subset/PATCHES/OVERCAST/2015-11-20/camera6/O_2015-11-20_07.47_C06_272.jpg,baseline,dataset_b,0,1,1.0,OVERCAST,,,
data/raw/dataset_b/subset/PATCHES/OVERCAST/2015-11-20/camera8/O_2015-11-20_08.09_C08_282.jpg,baseline,dataset_b,0,1,1.0,OVERCAST,,,
data/raw/dataset_b/subset/PATCHES/OVERCAST/2015-11-20/camera8/O_2015-11-20_08.09_C08_283.jpg,baseline,dataset_b,0,1,1.0,OVERCAST,,,
data/raw/dataset_b/subset/PATCHES/OVERCAST/2015-11-20/camera8/O_2015-11-20_08.09_C08_293.jpg,baseline,dataset_b,0,1,1.0,OVERCAST,,,
data/raw/dataset_b/subset/PATCHES/OVERCAST/2015-11-25/camera1/O_2015-11-25_07.40_C01_263.jpg,baseline,dataset_b,0,1,1.0,OVERCAST,,,
data/raw/dataset_b/subset/PATCHES/OVERCAST/2015-11-25/camera1/O_2015-11-25_08.40_C01_264.jpg,baseline,dataset_b,0,1,1.0,OVERCAST,,,
data/raw/dataset_b/subset/PATCHES/OVERCAST/2015-11-25/camera6/O_2015-11-25_07.18_C06_271.jpg,baseline,dataset_b,0,1,1.0,OVERCAST,,,
data/raw/dataset_b/subset/PATCHES/OVERCAST/2015-11-25/camera6/O_2015-11-25_07.18_C06_273.jpg,baseline,dataset_b,0,1,1.0,OVERCAST,,,
data/raw/dataset_b/subset/PATCHES/OVERCAST/2015-11-25/camera8/O_2015-11-25_07.29_C08_287.jpg,baseline,dataset_b,0,1,1.0,OVERCAST,,,
data/raw/dataset_b/subset/PATCHES/OVERCAST/2015-11-29/camera6/O_2015-11-29_07.48_C06_268.jpg,baseline,dataset_b,0,1,1.0,OVERCAST,,,
data/raw/dataset_b/subset/PATCHES/OVERCAST/2015-11-29/camera6/O_2015-11-29_16.48_C06_271.jpg,baseline,dataset_b,0,1,1.0,OVERCAST,,,
data/raw/dataset_b/subset/PATCHES/OVERCAST/2015-11-29/camera9/O_2015-11-29_16.47_C09_293.jpg,baseline,dataset_b,0,1,1.0,OVERCAST,,,
data/raw/dataset_b/subset/PATCHES/OVERCAST/2015-12-03/camera2/O_2015-12-03_07.14_C02_603.jpg,baseline,dataset_b,0,1,1.0,OVERCAST,,,
data/raw/dataset_b/subset/PATCHES/OVERCAST/2015-12-03/camera3/O_2015-12-03_07.16_C03_299.jpg,baseline,dataset_b,0,1,1.0,OVERCAST,,,
data/raw/dataset_b/subset/PATCHES/OVERCAST/2015-12-03/camera3/O_2015-12-03_07.16_C03_604.jpg,baseline,dataset_b,0,1,1.0,OVERCAST,,,
data/raw/dataset_b/subset/PATCHES/OVERCAST/2015-12-03/camera3/O_2015-12-03_08.46_C03_263.jpg,baseline,dataset_b,0,1,1.0,OVERCAST,,,
data/raw/dataset_b/subset/PATCHES/OVERCAST/2015-12-03/camera8/O_2015-12-03_07.11_C08_251.jpg,baseline,dataset_b,0,1,1.0,OVERCAST,,,
data/raw/dataset_b/subset/PATCHES/OVERCAST/2015-12-03/camera8/O_2015-12-03_07.11_C08_328.jpg,baseline,dataset_b,0,1,1.0,OVERCAST,,,
data/raw/dataset_b/subset/PATCHES/OVERCAST/2015-12-18/camera3/O_2015-12-18_08.18_C03_190.jpg,baseline,dataset_b,0,1,1.0,OVERCAST,,,
data/raw/dataset_b/subset/PATCHES/OVERCAST/2015-12-18/camera4/O_2015-12-18_07.51_C04_265.jpg,baseline,dataset_b,0,1,1.0,OVERCAST,,,
data/raw/dataset_b/subset/PATCHES/OVERCAST/2015-12-18/camera4/O_2015-12-18_07.51_C04_266.jpg,baseline,dataset_b,0,1,1.0,OVERCAST,,,
data/raw/dataset_b/subset/PATCHES/OVERCAST/2015-12-18/camera6/O_2015-12-18_07.21_C06_205.jpg,baseline,dataset_b,0,1,1.0,OVERCAST,,,
data/raw/dataset_b/subset/PATCHES/OVERCAST/2015-12-18/camera6/O_2015-12-18_16.52_C06_271.jpg,baseline,dataset_b,0,1,1.0,OVERCAST,,,
data/raw/dataset_b/subset/PATCHES/OVERCAST/2015-12-18/camera6/O_2015-12-18_16.52_C06_307.jpg,baseline,dataset_b,0,1,1.0,OVERCAST,,,
data/raw/dataset_b/subset/PATCHES/OVERCAST/2015-12-18/camera7/O_2015-12-18_08.24_C07_277.jpg,baseline,dataset_b,0,1,1.0,OVERCAST,,,
data/raw/dataset_b/subset/PATCHES/OVERCAST/2015-12-18/camera9/O_2015-12-18_07.24_C09_290.jpg,baseline,dataset_b,0,1,1.0,OVERCAST,,,
data/raw/dataset_b/subset/PATCHES/OVERCAST/2015-12-19/camera1/O_2015-12-19_10.18_C01_267.jpg,baseline,dataset_b,0,1,1.0,OVERCAST,,,
data/raw/dataset_b/subset/PATCHES/OVERCAST/2015-12-19/camera3/O_2015-12-19_08.18_C03_263.jpg,baseline,dataset_b,0,1,1.0,OVERCAST,,,
data/raw/dataset_b/subset/PATCHES/OVERCAST/2015-12-19/camera3/O_2015-12-19_14.48_C03_263.jpg,baseline,dataset_b,0,1,1.0,OVERCAST,,,
data/raw/dataset_b/subset/PATCHES/OVERCAST/2015-12-19/camera6/O_2015-12-19_07.22_C06_272.jpg,baseline,dataset_b,0,1,1.0,OVERCAST,,,
data/raw/dataset_b/subset/PATCHES/OVERCAST/2015-12-19/camera6/O_2015-12-19_09.52_C06_274.jpg,baseline,dataset_b,0,1,1.0,OVERCAST,,,
data/raw/dataset_b/subset/PATCHES/OVERCAST/2015-12-19/camera7/O_2015-12-19_08.24_C07_277.jpg,baseline,dataset_b,0,1,1.0,OVERCAST,,,
data/raw/dataset_b/subset/PATCHES/OVERCAST/2015-12-19/camera9/O_2015-12-19_07.24_C09_255.jpg,baseline,dataset_b,0,1,1.0,OVERCAST,,,
data/raw/dataset_b/subset/PATCHES/OVERCAST/2015-12-19/camera9/O_2015-12-19_17.24_C09_257.jpg,baseline,dataset_b,0,1,1.0,OVERCAST,,,
data/raw/dataset_b/subset/PATCHES/RAINY/2015-11-21/camera1/R_2015-11-21_08.40_C01_262.jpg,baseline,dataset_b,0,1,1.0,RAINY,,,
data/raw/dataset_b/subset/PATCHES/RAINY/2015-11-21/camera4/R_2015-11-21_08.46_C04_264.jpg,baseline,dataset_b,0,1,1.0,RAINY,,,
data/raw/dataset_b/subset/PATCHES/RAINY/2015-11-21/camera5/R_2015-11-21_11.36_C05_273.jpg,baseline,dataset_b,0,1,1.0,RAINY,,,
data/raw/dataset_b/subset/PATCHES/RAINY/2015-11-21/camera7/R_2015-11-21_10.48_C07_279.jpg,baseline,dataset_b,0,1,1.0,RAINY,,,
data/raw/dataset_b/subset/PATCHES/RAINY/2015-11-21/camera7/R_2015-11-21_11.48_C07_281.jpg,baseline,dataset_b,0,1,1.0,RAINY,,,
data/raw/dataset_b/subset/PATCHES/RAINY/2015-11-21/camera8/R_2015-11-21_15.33_C08_284.jpg,baseline,dataset_b,0,1,1.0,RAINY,,,
data/raw/dataset_b/subset/PATCHES/RAINY/2015-12-22/camera4/R_2015-12-22_09.21_C04_264.jpg,baseline,dataset_b,0,1,1.0,RAINY,,,
data/raw/dataset_b/subset/PATCHES/RAINY/2015-12-22/camera6/R_2015-12-22_12.52_C06_272.jpg,baseline,dataset_b,0,1,1.0,RAINY,,,
data/raw/dataset_b/subset/PATCHES/RAINY/2015-12-22/camera8/R_2015-12-22_08.51_C08_289.jpg,baseline,dataset_b,0,1,1.0,RAINY,,,
data/raw/dataset_b/subset/PATCHES/RAINY/2015-12-22/camera8/R_2015-12-22_09.52_C08_288.jpg,baseline,dataset_b,0,1,1.0,RAINY,,,
data/raw/dataset_b/subset/PATCHES/RAINY/2016-01-08/camera1/R_2016-01-08_08.49_C01_263.jpg,baseline,dataset_b,0,1,1.0,RAINY,,,
data/raw/dataset_b/subset/PATCHES/RAINY/2016-01-08/camera3/R_2016-01-08_09.19_C03_263.jpg,baseline,dataset_b,0,1,1.0,RAINY,,,
data/raw/dataset_b/subset/PATCHES/RAINY/2016-01-08/camera4/R_2016-01-08_08.22_C04_268.jpg,baseline,dataset_b,0,1,1.0,RAINY,,,
data/raw/dataset_b/subset/PATCHES/RAINY/2016-01-08/camera6/R_2016-01-08_08.53_C06_274.jpg,baseline,dataset_b,0,1,1.0,RAINY,,,
data/raw/dataset_b/subset/PATCHES/RAINY/2016-01-08/camera6/R_2016-01-08_16.23_C06_268.jpg,baseline,dataset_b,0,1,1.0,RAINY,,,
data/raw/dataset_b/subset/PATCHES/RAINY/2016-01-08/camera7/R_2016-01-08_08.28_C07_282.jpg,baseline,dataset_b,0,1,1.0,RAINY,,,
data/raw/dataset_b/subset/PATCHES/RAINY/2016-01-08/camera8/R_2016-01-08_08.40_C08_281.jpg,baseline,dataset_b,0,1,1.0,RAINY,,,
data/raw/dataset_b/subset/PATCHES/RAINY/2016-01-08/camera9/R_2016-01-08_17.25_C09_292.jpg,baseline,dataset_b,0,1,1.0,RAINY,,,
data/raw/dataset_b/subset/PATCHES/RAINY/2016-01-09/camera3/R_2016-01-09_14.49_C03_263.jpg,baseline,dataset_b,0,1,1.0,RAINY,,,
data/raw/dataset_b/subset/PATCHES/RAINY/2016-01-09/camera4/R_2016-01-09_08.22_C04_268.jpg,baseline,dataset_b,0,1,1.0,RAINY,,,
data/raw/dataset_b/subset/PATCHES/RAINY/2016-01-09/camera5/R_2016-01-09_13.57_C05_268.jpg,baseline,dataset_b,0,1,1.0,RAINY,,,
data/raw/dataset_b/subset/PATCHES/RAINY/2016-01-09/camera6/R_2016-01-09_08.53_C06_272.jpg,baseline,dataset_b,0,1,1.0,RAINY,,,
data/raw/dataset_b/subset/PATCHES/RAINY/2016-01-09/camera7/R_2016-01-09_14.58_C07_276.jpg,baseline,dataset_b,0,1,1.0,RAINY,,,
data/raw/dataset_b/subset/PATCHES/RAINY/2016-01-09/camera7/R_2016-01-09_14.58_C07_283.jpg,baseline,dataset_b,0,1,1.0,RAINY,,,
data/raw/dataset_b/subset/PATCHES/RAINY/2016-01-09/camera7/R_2016-01-09_15.58_C07_274.jpg,baseline,dataset_b,0,1,1.0,RAINY,,,
data/raw/dataset_b/subset/PATCHES/RAINY/2016-01-09/camera8/R_2016-01-09_09.13_C08_283.jpg,baseline,dataset_b,0,1,1.0,RAINY,,,
data/raw/dataset_b/subset/PATCHES/RAINY/2016-01-09/camera8/R_2016-01-09_10.13_C08_291.jpg,baseline,dataset_b,0,1,1.0,RAINY,,,
data/raw/dataset_b/subset/PATCHES/RAINY/2016-01-09/camera8/R_2016-01-09_16.13_C08_287.jpg,baseline,dataset_b,0,1,1.0,RAINY,,,
data/raw/dataset_b/subset/PATCHES/RAINY/2016-01-14/camera1/R_2016-01-14_08.35_C01_266.jpg,baseline,dataset_b,0,1,1.0,RAINY,,,
data/raw/dataset_b/subset/PATCHES/RAINY/2016-01-14/camera1/R_2016-01-14_09.05_C01_263.jpg,baseline,dataset_b,0,1,1.0,RAINY,,,
data/raw/dataset_b/subset/PATCHES/RAINY/2016-01-14/camera3/R_2016-01-14_08.05_C03_263.jpg,baseline,dataset_b,0,1,1.0,RAINY,,,
data/raw/dataset_b/subset/PATCHES/RAINY/2016-01-14/camera4/R_2016-01-14_08.37_C04_267.jpg,baseline,dataset_b,0,1,1.0,RAINY,,,
data/raw/dataset_b/subset/PATCHES/RAINY/2016-01-14/camera5/R_2016-01-14_09.38_C05_270.jpg,baseline,dataset_b,0,1,1.0,RAINY,,,
data/raw/dataset_b/subset/PATCHES/RAINY/2016-01-14/camera5/R_2016-01-14_17.08_C05_235.jpg,baseline,dataset_b,0,1,1.0,RAINY,,,
data/raw/dataset_b/subset/PATCHES/RAINY/2016-01-14/camera6/R_2016-01-14_08.38_C06_268.jpg,baseline,dataset_b,0,1,1.0,RAINY,,,
data/raw/dataset_b/subset/PATCHES/RAINY/2016-01-14/camera7/R_2016-01-14_17.10_C07_208.jpg,baseline,dataset_b,0,1,1.0,RAINY,,,
data/raw/dataset_b/subset/PATCHES/RAINY/2016-01-14/camera8/R_2016-01-14_14.05_C08_293.jpg,baseline,dataset_b,0,1,1.0,RAINY,,,
data/raw/dataset_b/subset/PATCHES/RAINY/2016-01-14/camera9/R_2016-01-14_07.40_C09_326.jpg,baseline,dataset_b,0,1,1.0,RAINY,,,
data/raw/dataset_b/subset/PATCHES/RAINY/2016-02-12/camera1/R_2016-02-12_16.40_C01_266.jpg,baseline,dataset_b,0,1,1.0,RAINY,,,
data/raw/dataset_b/subset/PATCHES/RAINY/2016-02-12/camera3/R_2016-02-12_07.06_C03_262.jpg,baseline,dataset_b,0,1,1.0,RAINY,,,
data/raw/dataset_b/subset/PATCHES/RAINY/2016-02-12/camera3/R_2016-02-12_07.36_C03_262.jpg,baseline,dataset_b,0,1,1.0,RAINY,,,
data/raw/dataset_b/subset/PATCHES/RAINY/2016-02-12/camera4/R_2016-02-12_17.41_C04_223.jpg,baseline,dataset_b,0,1,1.0,RAINY,,,
data/raw/dataset_b/subset/PATCHES/RAINY/2016-02-12/camera5/R_2016-02-12_17.31_C05_266.jpg,baseline,dataset_b,0,1,1.0,RAINY,,,
data/raw/dataset_b/subset/PATCHES/RAINY/2016-02-12/camera8/R_2016-02-12_09.02_C08_293.jpg,baseline,dataset_b,0,1,1.0,RAINY,,,
data/raw/dataset_b/subset/PATCHES/RAINY/2016-02-12/camera9/R_2016-02-12_17.42_C09_255.jpg,baseline,dataset_b,0,1,1.0,RAINY,,,
data/raw/dataset_b/subset/PATCHES/SUNNY/2015-11-12/camera2/S_2015-11-12_07.14_C02_221.jpg,baseline,dataset_b,0,1,1.0,SUNNY,,,
data/raw/dataset_b/subset/PATCHES/SUNNY/2015-11-12/camera2/S_2015-11-12_17.14_C02_184.jpg,baseline,dataset_b,0,1,1.0,SUNNY,,,
data/raw/dataset_b/subset/PATCHES/SUNNY/2015-11-12/camera6/S_2015-11-12_09.46_C06_313.jpg,baseline,dataset_b,0,1,1.0,SUNNY,,,
data/raw/dataset_b/subset/PATCHES/SUNNY/2015-11-12/camera9/S_2015-11-12_07.17_C09_218.jpg,baseline,dataset_b,0,1,1.0,SUNNY,,,
data/raw/dataset_b/subset/PATCHES/SUNNY/2015-11-22/camera1/S_2015-11-22_08.40_C01_262.jpg,baseline,dataset_b,0,1,1.0,SUNNY,,,
data/raw/dataset_b/subset/PATCHES/SUNNY/2015-11-22/camera1/S_2015-11-22_16.10_C01_264.jpg,baseline,dataset_b,0,1,1.0,SUNNY,,,
data/raw/dataset_b/subset/PATCHES/SUNNY/2015-11-22/camera8/S_2015-11-22_09.37_C08_281.jpg,baseline,dataset_b,0,1,1.0,SUNNY,,,
data/raw/dataset_b/subset/PATCHES/SUNNY/2015-11-22/camera9/S_2015-11-22_17.47_C09_294.jpg,baseline,dataset_b,0,1,1.0,SUNNY,,,
data/raw/dataset_b/subset/PATCHES/SUNNY/2015-11-27/camera3/S_2015-11-27_08.46_C03_263.jpg,baseline,dataset_b,0,1,1.0,SUNNY,,,
data/raw/dataset_b/subset/PATCHES/SUNNY/2015-11-27/camera5/S_2015-11-27_07.47_C05_271.jpg,baseline,dataset_b,0,1,1.0,SUNNY,,,
data/raw/dataset_b/subset/PATCHES/SUNNY/2015-11-27/camera5/S_2015-11-27_16.17_C05_270.jpg,baseline,dataset_b,0,1,1.0,SUNNY,,,
data/raw/dataset_b/subset/PATCHES/SUNNY/2015-11-27/camera6/S_2015-11-27_07.48_C06_275.jpg,baseline,dataset_b,0,1,1.0,SUNNY,,,
data/raw/dataset_b/subset/PATCHES/SUNNY/2015-11-27/camera6/S_2015-11-27_16.18_C06_270.jpg,baseline,dataset_b,0,1,1.0,SUNNY,,,
data/raw/dataset_b/subset/PATCHES/SUNNY/2015-12-10/camera3/S_2015-12-10_07.46_C03_263.jpg,baseline,dataset_b,0,1,1.0,SUNNY,,,
data/raw/dataset_b/subset/PATCHES/SUNNY/2015-12-10/camera3/S_2015-12-10_08.16_C03_262.jpg,baseline,dataset_b,0,1,1.0,SUNNY,NORMAL,NONE,assistant_visual_review_of_original_crop_contact_sheet
data/raw/dataset_b/subset/PATCHES/SUNNY/2015-12-10/camera3/S_2015-12-10_08.16_C03_263.jpg,baseline,dataset_b,0,1,1.0,SUNNY,,,
data/raw/dataset_b/subset/PATCHES/SUNNY/2015-12-10/camera5/S_2015-12-10_07.25_C05_264.jpg,baseline,dataset_b,0,1,1.0,SUNNY,,,
data/raw/dataset_b/subset/PATCHES/SUNNY/2015-12-10/camera6/S_2015-12-10_07.19_C06_205.jpg,baseline,dataset_b,0,1,1.0,SUNNY,,,
data/raw/dataset_b/subset/PATCHES/SUNNY/2015-12-10/camera7/S_2015-12-10_08.51_C07_279.jpg,baseline,dataset_b,0,1,1.0,SUNNY,,,
data/raw/dataset_b/subset/PATCHES/SUNNY/2015-12-10/camera9/S_2015-12-10_07.48_C09_290.jpg,baseline,dataset_b,0,1,1.0,SUNNY,,,
data/raw/dataset_b/subset/PATCHES/SUNNY/2015-12-17/camera1/S_2015-12-17_15.48_C01_264.jpg,baseline,dataset_b,0,1,1.0,SUNNY,,,
data/raw/dataset_b/subset/PATCHES/SUNNY/2016-01-12/camera3/S_2016-01-12_07.47_C03_189.jpg,baseline,dataset_b,0,1,1.0,SUNNY,,,
data/raw/dataset_b/subset/PATCHES/SUNNY/2016-01-12/camera3/S_2016-01-12_08.17_C03_189.jpg,baseline,dataset_b,0,1,1.0,SUNNY,,,
data/raw/dataset_b/subset/PATCHES/SUNNY/2016-01-12/camera7/S_2016-01-12_07.51_C07_276.jpg,baseline,dataset_b,0,1,1.0,SUNNY,,,
data/raw/dataset_b/subset/PATCHES/SUNNY/2016-01-12/camera7/S_2016-01-12_07.51_C07_277.jpg,baseline,dataset_b,0,1,1.0,SUNNY,,,
data/raw/dataset_b/subset/PATCHES/SUNNY/2016-01-12/camera7/S_2016-01-12_07.51_C07_281.jpg,baseline,dataset_b,0,1,1.0,SUNNY,,,
data/raw/dataset_b/subset/PATCHES/SUNNY/2016-01-12/camera8/S_2016-01-12_08.58_C08_282.jpg,baseline,dataset_b,0,1,1.0,SUNNY,,,
data/raw/dataset_b/subset/PATCHES/SUNNY/2016-01-13/camera4/S_2016-01-13_07.50_C04_265.jpg,baseline,dataset_b,0,1,1.0,SUNNY,,,
data/raw/dataset_b/subset/PATCHES/SUNNY/2016-01-13/camera7/S_2016-01-13_08.52_C07_276.jpg,baseline,dataset_b,0,1,1.0,SUNNY,,,
data/raw/dataset_b/subset/PATCHES/SUNNY/2016-01-13/camera8/S_2016-01-13_08.31_C08_287.jpg,baseline,dataset_b,0,1,1.0,SUNNY,,,
data/raw/dataset_b/subset/PATCHES/SUNNY/2016-01-15/camera4/S_2016-01-15_07.37_C04_266.jpg,baseline,dataset_b,0,1,1.0,SUNNY,NORMAL,NONE,assistant_visual_review_of_original_crop_contact_sheet
data/raw/dataset_b/subset/PATCHES/SUNNY/2016-01-15/camera6/S_2016-01-15_16.38_C06_272.jpg,baseline,dataset_b,0,1,1.0,SUNNY,,,
data/raw/dataset_b/subset/PATCHES/SUNNY/2016-01-15/camera7/S_2016-01-15_16.41_C07_280.jpg,baseline,dataset_b,0,1,1.0,SUNNY,NORMAL,NONE,assistant_visual_review_of_original_crop_contact_sheet
data/raw/dataset_b/subset/PATCHES/SUNNY/2016-01-15/camera8/S_2016-01-15_08.55_C08_283.jpg,baseline,dataset_b,0,1,1.0,SUNNY,,,
data/raw/dataset_b/subset/PATCHES/SUNNY/2016-01-15/camera9/S_2016-01-15_07.40_C09_295.jpg,baseline,dataset_b,0,1,1.0,SUNNY,,,
data/raw/dataset_b/subset/PATCHES/SUNNY/2016-01-15/camera9/S_2016-01-15_08.40_C09_325.jpg,baseline,dataset_b,0,1,1.0,SUNNY,,,
data/raw/dataset_b/subset/PATCHES/SUNNY/2016-01-15/camera9/S_2016-01-15_08.40_C09_328.jpg,baseline,dataset_b,0,1,1.0,SUNNY,,,
data/raw/dataset_b/subset/PATCHES/SUNNY/2016-01-16/camera5/S_2016-01-16_07.42_C05_267.jpg,baseline,dataset_b,0,1,1.0,SUNNY,,,
data/raw/dataset_b/subset/PATCHES/SUNNY/2016-01-16/camera6/S_2016-01-16_08.09_C06_270.jpg,baseline,dataset_b,0,1,1.0,SUNNY,,,
data/raw/dataset_b/subset/PATCHES/SUNNY/2016-01-16/camera6/S_2016-01-16_09.39_C06_278.jpg,baseline,dataset_b,0,1,1.0,SUNNY,,,
data/raw/dataset_b/subset/PATCHES/SUNNY/2016-01-18/camera1/S_2016-01-18_17.05_C01_265.jpg,baseline,dataset_b,0,1,1.0,SUNNY,,,
data/raw/dataset_b/subset/PATCHES/SUNNY/2016-01-18/camera4/S_2016-01-18_08.38_C04_303.jpg,baseline,dataset_b,0,1,1.0,SUNNY,,,
data/raw/dataset_b/subset/PATCHES/SUNNY/2016-01-18/camera4/S_2016-01-18_08.38_C04_304.jpg,baseline,dataset_b,0,1,1.0,SUNNY,,,
data/raw/dataset_b/subset/PATCHES/SUNNY/2016-01-18/camera6/S_2016-01-18_07.40_C06_271.jpg,baseline,dataset_b,0,1,1.0,SUNNY,,,
data/raw/dataset_b/subset/PATCHES/SUNNY/2016-01-18/camera6/S_2016-01-18_08.10_C06_279.jpg,baseline,dataset_b,0,1,1.0,SUNNY,,,
data/raw/dataset_b/subset/PATCHES/SUNNY/2016-01-18/camera6/S_2016-01-18_16.10_C06_610.jpg,baseline,dataset_b,1,0,1.0,SUNNY,,,
data/raw/dataset_b/subset/PATCHES/SUNNY/2016-01-18/camera7/S_2016-01-18_08.15_C07_275.jpg,baseline,dataset_b,0,1,1.0,SUNNY,,,
data/raw/dataset_b/subset/PATCHES/OVERCAST/2015-11-20/camera2/O_2015-11-20_07.44_C02_188.jpg,baseline,dataset_b,0,1,0.9999998807907104,OVERCAST,,,
data/raw/dataset_b/subset/PATCHES/OVERCAST/2015-11-25/camera1/O_2015-11-25_13.10_C01_228.jpg,baseline,dataset_b,0,1,0.9999998807907104,OVERCAST,,,
data/raw/dataset_b/subset/PATCHES/OVERCAST/2015-11-25/camera2/O_2015-11-25_07.14_C02_187.jpg,baseline,dataset_b,0,1,0.9999998807907104,OVERCAST,,,
data/raw/dataset_b/subset/PATCHES/OVERCAST/2015-12-03/camera8/O_2015-12-03_07.11_C08_293.jpg,baseline,dataset_b,0,1,0.9999998807907104,OVERCAST,,,
data/raw/dataset_b/subset/PATCHES/OVERCAST/2015-12-18/camera4/O_2015-12-18_08.21_C04_264.jpg,baseline,dataset_b,0,1,0.9999998807907104,OVERCAST,,,
data/raw/dataset_b/subset/PATCHES/OVERCAST/2015-12-18/camera8/O_2015-12-18_08.10_C08_282.jpg,baseline,dataset_b,0,1,0.9999998807907104,OVERCAST,,,
data/raw/dataset_b/subset/PATCHES/OVERCAST/2015-12-19/camera5/O_2015-12-19_10.07_C05_265.jpg,baseline,dataset_b,0,1,0.9999998807907104,OVERCAST,,,
data/raw/dataset_b/subset/PATCHES/RAINY/2015-11-21/camera2/R_2015-11-21_10.14_C02_188.jpg,baseline,dataset_b,0,1,0.9999998807907104,RAINY,,,
data/raw/dataset_b/subset/PATCHES/RAINY/2015-11-21/camera8/R_2015-11-21_07.30_C08_212.jpg,baseline,dataset_b,0,1,0.9999998807907104,RAINY,,,
data/raw/dataset_b/subset/PATCHES/RAINY/2016-01-08/camera3/R_2016-01-08_08.19_C03_189.jpg,baseline,dataset_b,0,1,0.9999998807907104,RAINY,,,
data/raw/dataset_b/subset/PATCHES/RAINY/2016-01-09/camera7/R_2016-01-09_13.58_C07_283.jpg,baseline,dataset_b,0,1,0.9999998807907104,RAINY,,,
data/raw/dataset_b/subset/PATCHES/RAINY/2016-01-09/camera9/R_2016-01-09_16.25_C09_293.jpg,baseline,dataset_b,0,1,0.9999998807907104,RAINY,,,
data/raw/dataset_b/subset/PATCHES/RAINY/2016-01-14/camera1/R_2016-01-14_09.05_C01_267.jpg,baseline,dataset_b,0,1,0.9999998807907104,RAINY,,,
data/raw/dataset_b/subset/PATCHES/RAINY/2016-01-14/camera7/R_2016-01-14_09.40_C07_313.jpg,baseline,dataset_b,0,1,0.9999998807907104,RAINY,,,
data/raw/dataset_b/subset/PATCHES/RAINY/2016-01-14/camera8/R_2016-01-14_17.09_C08_328.jpg,baseline,dataset_b,0,1,0.9999998807907104,RAINY,,,
data/raw/dataset_b/subset/PATCHES/RAINY/2016-02-12/camera8/R_2016-02-12_16.11_C08_280.jpg,baseline,dataset_b,0,1,0.9999998807907104,RAINY,,,
data/raw/dataset_b/subset/PATCHES/SUNNY/2015-11-12/camera8/S_2015-11-12_09.16_C08_326.jpg,baseline,dataset_b,0,1,0.9999998807907104,SUNNY,,,
data/raw/dataset_b/subset/PATCHES/SUNNY/2015-12-17/camera7/S_2015-12-17_08.54_C07_279.jpg,baseline,dataset_b,0,1,0.9999998807907104,SUNNY,,,
data/raw/dataset_b/subset/PATCHES/SUNNY/2015-12-17/camera9/S_2015-12-17_07.24_C09_616.jpg,baseline,dataset_b,0,1,0.9999998807907104,SUNNY,,,
data/raw/dataset_b/subset/PATCHES/SUNNY/2016-01-12/camera1/S_2016-01-12_08.47_C01_264.jpg,baseline,dataset_b,0,1,0.9999998807907104,SUNNY,,,
data/raw/dataset_b/subset/PATCHES/SUNNY/2016-01-13/camera1/S_2016-01-13_08.18_C01_267.jpg,baseline,dataset_b,0,1,0.9999998807907104,SUNNY,,,
data/raw/dataset_b/subset/PATCHES/SUNNY/2016-01-15/camera6/S_2016-01-15_08.08_C06_272.jpg,baseline,dataset_b,0,1,0.9999998807907104,SUNNY,,,
data/raw/dataset_b/subset/PATCHES/SUNNY/2016-01-16/camera9/S_2016-01-16_17.10_C09_295.jpg,baseline,dataset_b,0,1,0.9999998807907104,SUNNY,,,
data/raw/dataset_b/subset/PATCHES/SUNNY/2016-01-18/camera5/S_2016-01-18_08.14_C05_264.jpg,baseline,dataset_b,0,1,0.9999998807907104,SUNNY,,,
data/raw/dataset_b/subset/PATCHES/SUNNY/2016-01-18/camera9/S_2016-01-18_07.40_C09_218.jpg,baseline,dataset_b,0,1,0.9999998807907104,SUNNY,,,
data/raw/dataset_b/subset/PATCHES/OVERCAST/2015-11-16/camera3/O_2015-11-16_08.45_C03_193.jpg,baseline,dataset_b,0,1,0.9999997615814209,OVERCAST,,,
data/raw/dataset_b/subset/PATCHES/OVERCAST/2015-11-20/camera7/O_2015-11-20_09.18_C07_274.jpg,baseline,dataset_b,0,1,0.9999997615814209,OVERCAST,,,
data/raw/dataset_b/subset/PATCHES/OVERCAST/2015-12-03/camera3/O_2015-12-03_08.16_C03_193.jpg,baseline,dataset_b,0,1,0.9999997615814209,OVERCAST,,,
data/raw/dataset_b/subset/PATCHES/OVERCAST/2015-12-19/camera5/O_2015-12-19_08.37_C05_271.jpg,baseline,dataset_b,0,1,0.9999997615814209,OVERCAST,,,
data/raw/dataset_b/subset/PATCHES/SUNNY/2015-11-12/camera5/S_2015-11-12_07.46_C05_269.jpg,baseline,dataset_b,0,1,0.9999997615814209,SUNNY,,,
data/raw/dataset_b/subset/PATCHES/SUNNY/2016-01-12/camera6/S_2016-01-12_07.50_C06_277.jpg,baseline,dataset_b,0,1,0.9999997615814209,SUNNY,,,
data/raw/dataset_b/subset/PATCHES/SUNNY/2016-01-13/camera6/S_2016-01-13_08.20_C06_271.jpg,baseline,dataset_b,0,1,0.9999997615814209,SUNNY,NORMAL,NONE,assistant_visual_review_of_original_crop_contact_sheet
data/raw/dataset_b/subset/PATCHES/OVERCAST/2015-11-25/camera1/O_2015-11-25_09.10_C01_264.jpg,baseline,dataset_b,0,1,0.9999996423721313,OVERCAST,,,
data/raw/dataset_b/subset/PATCHES/OVERCAST/2015-12-19/camera5/O_2015-12-19_16.07_C05_272.jpg,baseline,dataset_b,0,1,0.9999996423721313,OVERCAST,,,
data/raw/dataset_b/subset/PATCHES/RAINY/2015-11-21/camera4/R_2015-11-21_11.16_C04_265.jpg,baseline,dataset_b,0,1,0.9999996423721313,RAINY,,,
data/raw/dataset_b/subset/PATCHES/RAINY/2016-01-09/camera1/R_2016-01-09_13.49_C01_266.jpg,baseline,dataset_b,0,1,0.9999996423721313,RAINY,,,
data/raw/dataset_b/subset/PATCHES/RAINY/2016-01-14/camera5/R_2016-01-14_07.38_C05_304.jpg,baseline,dataset_b,0,1,0.9999996423721313,RAINY,,,
data/raw/dataset_b/subset/PATCHES/RAINY/2016-01-14/camera6/R_2016-01-14_07.38_C06_204.jpg,baseline,dataset_b,0,1,0.9999996423721313,RAINY,,,
data/raw/dataset_b/subset/PATCHES/RAINY/2016-02-12/camera7/R_2016-02-12_07.54_C07_279.jpg,baseline,dataset_b,0,1,0.9999996423721313,RAINY,,,
data/raw/dataset_b/subset/PATCHES/SUNNY/2015-11-27/camera5/S_2015-11-27_07.47_C05_275.jpg,baseline,dataset_b,0,1,0.9999996423721313,SUNNY,,,
data/raw/dataset_b/subset/PATCHES/SUNNY/2015-11-27/camera7/S_2015-11-27_09.49_C07_318.jpg,baseline,dataset_b,0,1,0.9999996423721313,SUNNY,,,
data/raw/dataset_b/subset/PATCHES/SUNNY/2015-12-10/camera6/S_2015-12-10_07.49_C06_275.jpg,baseline,dataset_b,0,1,0.9999996423721313,SUNNY,,,
data/raw/dataset_b/subset/PATCHES/SUNNY/2016-01-13/camera4/S_2016-01-13_08.20_C04_262.jpg,baseline,dataset_b,0,1,0.9999996423721313,SUNNY,,,
data/raw/dataset_b/subset/PATCHES/RAINY/2015-12-22/camera1/R_2015-12-22_13.48_C01_263.jpg,baseline,dataset_b,0,1,0.9999995231628418,RAINY,,,
data/raw/dataset_b/subset/PATCHES/RAINY/2016-01-14/camera7/R_2016-01-14_07.40_C07_612.jpg,baseline,dataset_b,0,1,0.9999995231628418,RAINY,,,
data/raw/dataset_b/subset/PATCHES/OVERCAST/2015-11-16/camera1/O_2015-11-16_13.10_C01_264.jpg,baseline,dataset_b,0,1,0.9999994039535522,OVERCAST,,,
data/raw/dataset_b/subset/PATCHES/OVERCAST/2015-12-18/camera7/O_2015-12-18_07.54_C07_283.jpg,baseline,dataset_b,0,1,0.9999994039535522,OVERCAST,,,
data/raw/dataset_b/subset/PATCHES/OVERCAST/2015-12-19/camera8/O_2015-12-19_11.06_C08_282.jpg,baseline,dataset_b,0,1,0.9999994039535522,OVERCAST,,,
data/raw/dataset_b/subset/PATCHES/RAINY/2016-01-08/camera2/R_2016-01-08_08.53_C02_188.jpg,baseline,dataset_b,0,1,0.9999994039535522,RAINY,,,
data/raw/dataset_b/subset/PATCHES/SUNNY/2015-11-12/camera1/S_2015-11-12_09.39_C01_184.jpg,baseline,dataset_b,0,1,0.9999994039535522,SUNNY,,,
data/raw/dataset_b/subset/PATCHES/SUNNY/2016-01-15/camera1/S_2016-01-15_07.35_C01_190.jpg,baseline,dataset_b,0,1,0.9999994039535522,SUNNY,,,
data/raw/dataset_b/subset/PATCHES/OVERCAST/2015-11-16/camera6/O_2015-11-16_07.17_C06_269.jpg,baseline,dataset_b,0,1,0.9999992847442627,OVERCAST,,,
data/raw/dataset_b/subset/PATCHES/SUNNY/2016-01-15/camera1/S_2016-01-15_08.35_C01_263.jpg,baseline,dataset_b,0,1,0.9999992847442627,SUNNY,,,
data/raw/dataset_b/subset/PATCHES/RAINY/2016-01-14/camera5/R_2016-01-14_07.38_C05_199.jpg,baseline,dataset_b,0,1,0.9999991655349731,RAINY,,,
data/raw/dataset_b/subset/PATCHES/SUNNY/2015-12-17/camera5/S_2015-12-17_07.26_C05_311.jpg,baseline,dataset_b,0,1,0.9999991655349731,SUNNY,,,
data/raw/dataset_b/subset/PATCHES/SUNNY/2016-01-12/camera6/S_2016-01-12_07.50_C06_280.jpg,baseline,dataset_b,0,1,0.9999991655349731,SUNNY,,,
data/raw/dataset_b/subset/PATCHES/SUNNY/2016-01-16/camera5/S_2016-01-16_08.42_C05_272.jpg,baseline,dataset_b,0,1,0.9999991655349731,SUNNY,,,
data/raw/dataset_b/subset/PATCHES/OVERCAST/2015-12-03/camera8/O_2015-12-03_07.41_C08_287.jpg,baseline,dataset_b,0,1,0.9999990463256836,OVERCAST,,,
data/raw/dataset_b/subset/PATCHES/RAINY/2015-12-22/camera6/R_2015-12-22_08.22_C06_272.jpg,baseline,dataset_b,0,1,0.9999990463256836,RAINY,,,
data/raw/dataset_b/subset/PATCHES/RAINY/2016-01-08/camera5/R_2016-01-08_13.03_C05_268.jpg,baseline,dataset_b,0,1,0.9999990463256836,RAINY,,,
data/raw/dataset_b/subset/PATCHES/SUNNY/2016-01-16/camera9/S_2016-01-16_08.40_C09_291.jpg,baseline,dataset_b,0,1,0.9999990463256836,SUNNY,,,
data/raw/dataset_b/subset/PATCHES/SUNNY/2015-11-27/camera4/S_2015-11-27_08.47_C04_266.jpg,baseline,dataset_b,0,1,0.999998927116394,SUNNY,,,
data/raw/dataset_b/subset/PATCHES/SUNNY/2016-01-16/camera5/S_2016-01-16_08.42_C05_267.jpg,baseline,dataset_b,0,1,0.999998927116394,SUNNY,,,
data/raw/dataset_b/subset/PATCHES/OVERCAST/2015-11-25/camera9/O_2015-11-25_15.47_C09_290.jpg,baseline,dataset_b,0,1,0.9999988079071045,OVERCAST,,,
data/raw/dataset_b/subset/PATCHES/RAINY/2016-01-09/camera9/R_2016-01-09_13.55_C09_290.jpg,baseline,dataset_b,0,1,0.9999988079071045,RAINY,,,
data/raw/dataset_b/subset/PATCHES/SUNNY/2016-01-12/camera8/S_2016-01-12_07.57_C08_285.jpg,baseline,dataset_b,0,1,0.9999988079071045,SUNNY,,,
data/raw/dataset_b/subset/PATCHES/RAINY/2016-01-08/camera6/R_2016-01-08_12.23_C06_271.jpg,baseline,dataset_b,0,1,0.9999986886978149,RAINY,,,
data/raw/dataset_b/subset/PATCHES/SUNNY/2015-11-27/camera1/S_2015-11-27_08.10_C01_195.jpg,baseline,dataset_b,0,1,0.9999986886978149,SUNNY,,,
data/raw/dataset_b/subset/PATCHES/SUNNY/2015-12-17/camera6/S_2015-12-17_16.51_C06_280.jpg,baseline,dataset_b,0,1,0.9999985694885254,SUNNY,,,
data/raw/dataset_b/subset/PATCHES/OVERCAST/2015-12-03/camera1/O_2015-12-03_07.41_C01_266.jpg,baseline,dataset_b,0,1,0.9999984502792358,OVERCAST,,,
data/raw/dataset_b/subset/PATCHES/RAINY/2016-01-08/camera8/R_2016-01-08_08.10_C08_282.jpg,baseline,dataset_b,0,1,0.9999984502792358,RAINY,,,
data/raw/dataset_b/subset/PATCHES/SUNNY/2015-11-27/camera9/S_2015-11-27_07.17_C09_259.jpg,baseline,dataset_b,0,1,0.9999984502792358,SUNNY,,,
data/raw/dataset_b/subset/PATCHES/SUNNY/2016-01-15/camera3/S_2016-01-15_07.35_C03_604.jpg,baseline,dataset_b,0,1,0.9999984502792358,SUNNY,,,
data/raw/dataset_b/subset/PATCHES/SUNNY/2016-01-15/camera5/S_2016-01-15_08.40_C05_312.jpg,baseline,dataset_b,0,1,0.9999984502792358,SUNNY,,,
data/raw/dataset_b/subset/PATCHES/OVERCAST/2015-12-18/camera9/O_2015-12-18_07.24_C09_292.jpg,baseline,dataset_b,0,1,0.9999982118606567,OVERCAST,,,
data/raw/dataset_b/subset/PATCHES/OVERCAST/2015-12-18/camera1/O_2015-12-18_15.48_C01_264.jpg,baseline,dataset_b,0,1,0.9999980926513672,OVERCAST,,,
data/raw/dataset_b/subset/PATCHES/RAINY/2015-11-21/camera1/R_2015-11-21_08.10_C01_187.jpg,baseline,dataset_b,0,1,0.9999980926513672,RAINY,,,
data/raw/dataset_b/subset/PATCHES/RAINY/2016-01-14/camera6/R_2016-01-14_15.08_C06_306.jpg,baseline,dataset_b,1,0,0.9999980926513672,RAINY,,,
data/raw/dataset_b/subset/PATCHES/RAINY/2015-11-21/camera1/R_2015-11-21_09.10_C01_265.jpg,baseline,dataset_b,0,1,0.9999979734420776,RAINY,,,
data/raw/dataset_b/subset/PATCHES/SUNNY/2015-11-12/camera7/S_2015-11-12_07.47_C07_276.jpg,baseline,dataset_b,0,1,0.9999979734420776,SUNNY,,,
data/raw/dataset_b/subset/PATCHES/SUNNY/2016-01-13/camera7/S_2016-01-13_08.22_C07_286.jpg,baseline,dataset_b,0,1,0.9999978542327881,SUNNY,,,
data/raw/dataset_b/subset/PATCHES/RAINY/2015-11-21/camera3/R_2015-11-21_08.45_C03_225.jpg,baseline,dataset_b,0,1,0.9999977350234985,RAINY,,,
data/raw/dataset_b/subset/PATCHES/OVERCAST/2015-12-18/camera3/O_2015-12-18_07.48_C03_189.jpg,baseline,dataset_b,0,1,0.999997615814209,OVERCAST,,,
data/raw/dataset_b/subset/PATCHES/RAINY/2015-11-21/camera1/R_2015-11-21_11.10_C01_195.jpg,baseline,dataset_b,0,1,0.999997615814209,RAINY,,,
data/raw/dataset_b/subset/PATCHES/OVERCAST/2015-12-03/camera2/O_2015-12-03_07.44_C02_187.jpg,baseline,dataset_b,0,1,0.9999974966049194,OVERCAST,,,
data/raw/dataset_b/subset/PATCHES/OVERCAST/2015-11-20/camera5/O_2015-11-20_07.30_C05_270.jpg,baseline,dataset_b,0,1,0.9999973773956299,OVERCAST,,,
data/raw/dataset_b/subset/PATCHES/SUNNY/2015-11-12/camera7/S_2015-11-12_07.47_C07_279.jpg,baseline,dataset_b,0,1,0.9999973773956299,SUNNY,,,
data/raw/dataset_b/subset/PATCHES/SUNNY/2016-01-15/camera1/S_2016-01-15_09.05_C01_222.jpg,baseline,dataset_b,0,1,0.9999972581863403,SUNNY,,,
data/raw/dataset_b/subset/PATCHES/RAINY/2015-12-22/camera1/R_2015-12-22_08.18_C01_267.jpg,baseline,dataset_b,0,1,0.9999971389770508,RAINY,,,
data/raw/dataset_b/subset/PATCHES/RAINY/2016-01-09/camera7/R_2016-01-09_10.28_C07_277.jpg,baseline,dataset_b,0,1,0.9999971389770508,RAINY,,,
data/raw/dataset_b/subset/PATCHES/SUNNY/2016-01-15/camera2/S_2016-01-15_07.34_C02_185.jpg,baseline,dataset_b,0,1,0.9999971389770508,SUNNY,,,
data/raw/dataset_b/subset/PATCHES/SUNNY/2016-01-18/camera8/S_2016-01-18_08.44_C08_287.jpg,baseline,dataset_b,0,1,0.9999971389770508,SUNNY,,,
data/raw/dataset_b/subset/PATCHES/OVERCAST/2015-11-25/camera7/O_2015-11-25_15.19_C07_283.jpg,baseline,dataset_b,0,1,0.9999970197677612,OVERCAST,,,
data/raw/dataset_b/subset/PATCHES/OVERCAST/2015-12-19/camera7/O_2015-12-19_07.54_C07_279.jpg,baseline,dataset_b,0,1,0.9999969005584717,OVERCAST,,,
data/raw/dataset_b/subset/PATCHES/RAINY/2016-01-14/camera1/R_2016-01-14_15.35_C01_222.jpg,baseline,dataset_b,0,1,0.9999967813491821,RAINY,,,
data/raw/dataset_b/subset/PATCHES/RAINY/2016-02-12/camera3/R_2016-02-12_08.36_C03_190.jpg,baseline,dataset_b,0,1,0.9999966621398926,RAINY,,,
data/raw/dataset_b/subset/PATCHES/SUNNY/2015-12-10/camera1/S_2015-12-10_08.11_C01_263.jpg,baseline,dataset_b,0,1,0.9999966621398926,SUNNY,,,
data/raw/dataset_b/subset/PATCHES/SUNNY/2016-01-16/camera5/S_2016-01-16_09.42_C05_273.jpg,baseline,dataset_b,0,1,0.999996542930603,SUNNY,,,
data/raw/dataset_b/subset/PATCHES/OVERCAST/2015-11-29/camera1/O_2015-11-29_16.10_C01_264.jpg,baseline,dataset_b,0,1,0.9999963045120239,OVERCAST,,,
data/raw/dataset_b/subset/PATCHES/OVERCAST/2015-12-18/camera1/O_2015-12-18_07.48_C01_191.jpg,baseline,dataset_b,0,1,0.9999960660934448,OVERCAST,NORMAL,NONE,assistant_visual_review_of_original_crop_contact_sheet
data/raw/dataset_b/subset/PATCHES/OVERCAST/2015-11-20/camera3/O_2015-11-20_08.15_C03_190.jpg,baseline,dataset_b,0,1,0.9999958276748657,OVERCAST,,,
data/raw/dataset_b/subset/PATCHES/RAINY/2015-11-21/camera2/R_2015-11-21_11.14_C02_188.jpg,baseline,dataset_b,0,1,0.9999958276748657,RAINY,,,
data/raw/dataset_b/subset/PATCHES/SUNNY/2015-11-12/camera5/S_2015-11-12_08.17_C05_305.jpg,baseline,dataset_b,0,1,0.9999957084655762,SUNNY,,,
data/raw/dataset_b/subset/PATCHES/RAINY/2015-11-21/camera4/R_2015-11-21_11.46_C04_268.jpg,baseline,dataset_b,0,1,0.9999953508377075,RAINY,,,
data/raw/dataset_b/subset/PATCHES/OVERCAST/2015-11-20/camera9/O_2015-11-20_09.17_C09_295.jpg,baseline,dataset_b,0,1,0.9999951124191284,OVERCAST,,,
data/raw/dataset_b/subset/PATCHES/SUNNY/2015-11-27/camera8/S_2015-11-27_07.58_C08_293.jpg,baseline,dataset_b,0,1,0.9999949932098389,SUNNY,,,
data/raw/dataset_b/subset/PATCHES/SUNNY/2015-11-22/camera5/S_2015-11-22_17.06_C05_310.jpg,baseline,dataset_b,0,1,0.9999945163726807,SUNNY,,,
data/raw/dataset_b/subset/PATCHES/SUNNY/2015-12-10/camera6/S_2015-12-10_07.19_C06_270.jpg,baseline,dataset_b,0,1,0.9999945163726807,SUNNY,,,
data/raw/dataset_b/subset/PATCHES/RAINY/2016-02-12/camera5/R_2016-02-12_16.01_C05_270.jpg,baseline,dataset_b,0,1,0.9999942779541016,RAINY,,,
data/raw/dataset_b/subset/PATCHES/SUNNY/2015-12-10/camera1/S_2015-12-10_08.41_C01_607.jpg,baseline,dataset_b,0,1,0.9999940395355225,SUNNY,,,
data/raw/dataset_b/subset/PATCHES/OVERCAST/2015-11-25/camera3/O_2015-11-25_07.46_C03_189.jpg,baseline,dataset_b,0,1,0.9999938011169434,OVERCAST,,,
data/raw/dataset_b/subset/PATCHES/SUNNY/2015-12-10/camera6/S_2015-12-10_16.19_C06_277.jpg,baseline,dataset_b,0,1,0.9999938011169434,SUNNY,,,
data/raw/dataset_b/subset/PATCHES/RAINY/2016-01-14/camera9/R_2016-01-14_07.40_C09_296.jpg,baseline,dataset_b,0,1,0.9999935626983643,RAINY,,,
data/raw/dataset_b/subset/PATCHES/SUNNY/2015-12-10/camera2/S_2015-12-10_09.45_C02_187.jpg,baseline,dataset_b,1,0,0.9999932050704956,SUNNY,,,
data/raw/dataset_b/subset/PATCHES/SUNNY/2015-12-10/camera6/S_2015-12-10_07.19_C06_274.jpg,baseline,dataset_b,0,1,0.9999932050704956,SUNNY,,,
data/raw/dataset_b/subset/PATCHES/OVERCAST/2015-12-18/camera1/O_2015-12-18_09.18_C01_267.jpg,baseline,dataset_b,0,1,0.999992847442627,OVERCAST,,,
data/raw/dataset_b/subset/PATCHES/SUNNY/2016-01-18/camera3/S_2016-01-18_08.35_C03_300.jpg,baseline,dataset_b,0,1,0.9999927282333374,SUNNY,,,
data/raw/dataset_b/subset/PATCHES/SUNNY/2016-01-15/camera5/S_2016-01-15_17.10_C05_268.jpg,baseline,dataset_b,0,1,0.9999926090240479,SUNNY,,,
data/raw/dataset_b/subset/PATCHES/RAINY/2016-02-12/camera1/R_2016-02-12_08.40_C01_196.jpg,baseline,dataset_b,0,1,0.9999923706054688,RAINY,,,
data/raw/dataset_b/subset/PATCHES/OVERCAST/2015-12-18/camera2/O_2015-12-18_16.47_C02_188.jpg,baseline,dataset_b,0,1,0.9999915361404419,OVERCAST,,,
data/raw/dataset_b/subset/PATCHES/RAINY/2016-01-08/camera4/R_2016-01-08_08.52_C04_263.jpg,baseline,dataset_b,0,1,0.9999915361404419,RAINY,,,
data/raw/dataset_b/subset/PATCHES/RAINY/2015-12-22/camera6/R_2015-12-22_07.52_C06_270.jpg,baseline,dataset_b,0,1,0.9999914169311523,RAINY,,,
data/raw/dataset_b/subset/PATCHES/OVERCAST/2015-12-03/camera8/O_2015-12-03_07.11_C08_282.jpg,baseline,dataset_b,0,1,0.9999912977218628,OVERCAST,,,
data/raw/dataset_b/subset/PATCHES/OVERCAST/2015-12-03/camera9/O_2015-12-03_07.17_C09_220.jpg,baseline,dataset_b,0,1,0.9999905824661255,OVERCAST,,,
data/raw/dataset_b/subset/PATCHES/OVERCAST/2015-11-16/camera5/O_2015-11-16_07.48_C05_265.jpg,baseline,dataset_b,0,1,0.9999902248382568,OVERCAST,,,
data/raw/dataset_b/subset/PATCHES/SUNNY/2015-11-12/camera3/S_2015-11-12_09.15_C03_605.jpg,baseline,dataset_b,0,1,0.9999898672103882,SUNNY,,,
data/raw/dataset_b/subset/PATCHES/OVERCAST/2015-11-16/camera5/O_2015-11-16_08.18_C05_197.jpg,baseline,dataset_b,0,1,0.9999897480010986,OVERCAST,,,
data/raw/dataset_b/subset/PATCHES/OVERCAST/2015-11-16/camera3/O_2015-11-16_07.45_C03_189.jpg,baseline,dataset_b,0,1,0.9999895095825195,OVERCAST,,,
data/raw/dataset_b/subset/PATCHES/SUNNY/2016-01-16/camera6/S_2016-01-16_17.09_C06_274.jpg,baseline,dataset_b,0,1,0.9999887943267822,SUNNY,,,
data/raw/dataset_b/subset/PATCHES/SUNNY/2015-11-27/camera1/S_2015-11-27_08.40_C01_267.jpg,baseline,dataset_b,0,1,0.9999879598617554,SUNNY,,,
data/raw/dataset_b/subset/PATCHES/OVERCAST/2015-11-29/camera9/O_2015-11-29_09.47_C09_290.jpg,baseline,dataset_b,0,1,0.9999878406524658,OVERCAST,,,
data/raw/dataset_b/subset/PATCHES/OVERCAST/2015-11-25/camera2/O_2015-11-25_14.44_C02_188.jpg,baseline,dataset_b,0,1,0.9999877214431763,OVERCAST,,,
data/raw/dataset_b/subset/PATCHES/SUNNY/2015-11-12/camera8/S_2015-11-12_08.14_C08_280.jpg,baseline,dataset_b,0,1,0.9999877214431763,SUNNY,,,
data/raw/dataset_b/subset/PATCHES/SUNNY/2016-01-12/camera8/S_2016-01-12_08.27_C08_293.jpg,baseline,dataset_b,0,1,0.9999877214431763,SUNNY,,,
data/raw/dataset_b/subset/PATCHES/SUNNY/2016-01-18/camera7/S_2016-01-18_14.45_C07_282.jpg,baseline,dataset_b,0,1,0.9999876022338867,SUNNY,,,
data/raw/dataset_b/subset/PATCHES/SUNNY/2015-11-27/camera7/S_2015-11-27_08.19_C07_275.jpg,baseline,dataset_b,0,1,0.9999868869781494,SUNNY,,,
data/raw/dataset_b/subset/PATCHES/SUNNY/2015-12-17/camera5/S_2015-12-17_07.26_C05_200.jpg,baseline,dataset_b,0,1,0.9999867677688599,SUNNY,,,
data/raw/dataset_b/subset/PATCHES/OVERCAST/2015-11-20/camera1/O_2015-11-20_08.40_C01_195.jpg,baseline,dataset_b,0,1,0.9999865293502808,OVERCAST,,,
data/raw/dataset_b/subset/PATCHES/SUNNY/2016-01-18/camera3/S_2016-01-18_08.35_C03_298.jpg,baseline,dataset_b,0,1,0.9999862909317017,SUNNY,,,
data/raw/dataset_b/subset/PATCHES/RAINY/2015-11-21/camera4/R_2015-11-21_15.46_C04_267.jpg,baseline,dataset_b,0,1,0.9999861717224121,RAINY,,,
data/raw/dataset_b/subset/PATCHES/SUNNY/2015-12-17/camera1/S_2015-12-17_07.48_C01_187.jpg,baseline,dataset_b,0,1,0.999985933303833,SUNNY,,,
data/raw/dataset_b/subset/PATCHES/OVERCAST/2015-12-18/camera8/O_2015-12-18_08.10_C08_291.jpg,baseline,dataset_b,0,1,0.9999852180480957,OVERCAST,,,
data/raw/dataset_b/subset/PATCHES/SUNNY/2015-11-27/camera1/S_2015-11-27_11.10_C01_192.jpg,baseline,dataset_b,1,0,0.9999847412109375,SUNNY,,,
data/raw/dataset_b/subset/PATCHES/RAINY/2016-01-08/camera5/R_2016-01-08_08.33_C05_270.jpg,baseline,dataset_b,0,1,0.9999836683273315,RAINY,,,
data/raw/dataset_b/subset/PATCHES/SUNNY/2015-12-17/camera3/S_2015-12-17_08.48_C03_297.jpg,baseline,dataset_b,0,1,0.9999831914901733,SUNNY,,,
data/raw/dataset_b/subset/PATCHES/SUNNY/2016-01-16/camera6/S_2016-01-16_10.09_C06_307.jpg,baseline,dataset_b,0,1,0.9999831914901733,SUNNY,,,
data/raw/dataset_b/subset/PATCHES/SUNNY/2015-12-17/camera9/S_2015-12-17_07.54_C09_290.jpg,baseline,dataset_b,0,1,0.9999828338623047,SUNNY,,,
data/raw/dataset_b/subset/PATCHES/RAINY/2015-11-21/camera2/R_2015-11-21_07.14_C02_221.jpg,baseline,dataset_b,0,1,0.9999825954437256,RAINY,,,
data/raw/dataset_b/subset/PATCHES/SUNNY/2015-12-17/camera8/S_2015-12-17_09.11_C08_320.jpg,baseline,dataset_b,0,1,0.9999822378158569,SUNNY,,,
data/raw/dataset_b/subset/PATCHES/SUNNY/2016-01-18/camera7/S_2016-01-18_08.15_C07_207.jpg,baseline,dataset_b,0,1,0.9999822378158569,SUNNY,,,
data/raw/dataset_b/subset/PATCHES/SUNNY/2015-11-27/camera3/S_2015-11-27_07.46_C03_190.jpg,baseline,dataset_b,0,1,0.9999821186065674,SUNNY,,,
data/raw/dataset_b/subset/PATCHES/OVERCAST/2015-11-20/camera7/O_2015-11-20_16.48_C07_277.jpg,baseline,dataset_b,0,1,0.9999816417694092,OVERCAST,,,
data/raw/dataset_b/subset/PATCHES/RAINY/2015-12-22/camera2/R_2015-12-22_07.47_C02_601.jpg,baseline,dataset_b,0,1,0.9999815225601196,RAINY,,,
data/raw/dataset_b/subset/PATCHES/SUNNY/2015-11-22/camera4/S_2015-11-22_08.16_C04_268.jpg,baseline,dataset_b,0,1,0.9999809265136719,SUNNY,,,
data/raw/dataset_b/subset/PATCHES/RAINY/2016-01-14/camera8/R_2016-01-14_08.27_C08_285.jpg,baseline,dataset_b,0,1,0.9999805688858032,RAINY,,,
data/raw/dataset_b/subset/PATCHES/OVERCAST/2015-12-18/camera7/O_2015-12-18_16.54_C07_322.jpg,baseline,dataset_b,0,1,0.9999790191650391,OVERCAST,,,
data/raw/dataset_b/subset/PATCHES/SUNNY/2016-01-15/camera5/S_2016-01-15_08.10_C05_276.jpg,baseline,dataset_b,0,1,0.9999785423278809,SUNNY,,,
data/raw/dataset_b/subset/PATCHES/OVERCAST/2015-11-20/camera9/O_2015-11-20_09.47_C09_291.jpg,baseline,dataset_b,0,1,0.9999779462814331,OVERCAST,NORMAL,NONE,assistant_visual_review_of_original_crop_contact_sheet
data/raw/dataset_b/subset/PATCHES/SUNNY/2016-01-13/camera7/S_2016-01-13_08.52_C07_312.jpg,baseline,dataset_b,0,1,0.999976396560669,SUNNY,,,
data/raw/dataset_b/subset/PATCHES/SUNNY/2015-11-22/camera2/S_2015-11-22_08.44_C02_602.jpg,baseline,dataset_b,0,1,0.9999754428863525,SUNNY,,,
data/raw/dataset_b/subset/PATCHES/SUNNY/2016-01-16/camera2/S_2016-01-16_07.34_C02_603.jpg,baseline,dataset_b,0,1,0.9999750852584839,SUNNY,,,
data/raw/dataset_b/subset/PATCHES/OVERCAST/2015-11-20/camera3/O_2015-11-20_07.45_C03_188.jpg,baseline,dataset_b,0,1,0.9999736547470093,OVERCAST,,,
data/raw/dataset_b/subset/PATCHES/RAINY/2016-01-14/camera7/R_2016-01-14_12.40_C07_275.jpg,baseline,dataset_b,0,1,0.9999730587005615,RAINY,,,
data/raw/dataset_b/subset/PATCHES/OVERCAST/2015-11-25/camera7/O_2015-11-25_09.19_C07_280.jpg,baseline,dataset_b,0,1,0.9999725818634033,OVERCAST,,,
data/raw/dataset_b/subset/PATCHES/SUNNY/2016-01-12/camera1/S_2016-01-12_08.17_C01_196.jpg,baseline,dataset_b,0,1,0.9999719858169556,SUNNY,,,
data/raw/dataset_b/subset/PATCHES/SUNNY/2015-11-12/camera3/S_2015-11-12_08.45_C03_604.jpg,baseline,dataset_b,0,1,0.9999716281890869,SUNNY,,,
data/raw/dataset_b/subset/PATCHES/SUNNY/2016-01-18/camera2/S_2016-01-18_07.34_C02_188.jpg,baseline,dataset_b,0,1,0.9999703168869019,SUNNY,,,
data/raw/dataset_b/subset/PATCHES/RAINY/2015-12-22/camera9/R_2015-12-22_16.54_C09_295.jpg,baseline,dataset_b,0,1,0.9999701976776123,RAINY,,,
data/raw/dataset_b/subset/PATCHES/SUNNY/2015-12-10/camera7/S_2015-12-10_13.21_C07_281.jpg,baseline,dataset_b,0,1,0.999969482421875,SUNNY,,,
data/raw/dataset_b/subset/PATCHES/SUNNY/2015-12-17/camera7/S_2015-12-17_08.24_C07_277.jpg,baseline,dataset_b,0,1,0.9999693632125854,SUNNY,,,
data/raw/dataset_b/subset/PATCHES/OVERCAST/2015-11-29/camera6/O_2015-11-29_08.48_C06_275.jpg,baseline,dataset_b,0,1,0.9999690055847168,OVERCAST,,,
data/raw/dataset_b/subset/PATCHES/OVERCAST/2015-12-18/camera5/O_2015-12-18_07.56_C05_271.jpg,baseline,dataset_b,0,1,0.9999681711196899,OVERCAST,,,
data/raw/dataset_b/subset/PATCHES/RAINY/2016-02-12/camera8/R_2016-02-12_08.01_C08_244.jpg,baseline,dataset_b,0,1,0.9999672174453735,RAINY,,,
data/raw/dataset_b/subset/PATCHES/SUNNY/2015-11-12/camera2/S_2015-11-12_09.14_C02_184.jpg,baseline,dataset_b,0,1,0.9999672174453735,SUNNY,,,
data/raw/dataset_b/subset/PATCHES/OVERCAST/2015-12-19/camera7/O_2015-12-19_14.24_C07_280.jpg,baseline,dataset_b,0,1,0.9999663829803467,OVERCAST,,,
data/raw/dataset_b/subset/PATCHES/OVERCAST/2015-11-20/camera6/O_2015-11-20_09.47_C06_277.jpg,baseline,dataset_b,0,1,0.9999653100967407,OVERCAST,,,
data/raw/dataset_b/subset/PATCHES/OVERCAST/2015-12-18/camera9/O_2015-12-18_10.24_C09_327.jpg,mobilenet,dataset_b,1,0,0.9999642372131348,OVERCAST,,,
data/raw/dataset_b/subset/PATCHES/OVERCAST/2015-11-25/camera8/O_2015-11-25_08.30_C08_291.jpg,baseline,dataset_b,0,1,0.9999637603759766,OVERCAST,,,
data/raw/dataset_b/subset/PATCHES/OVERCAST/2015-12-03/camera1/O_2015-12-03_08.41_C01_191.jpg,baseline,dataset_b,0,1,0.9999635219573975,OVERCAST,,,
data/raw/dataset_b/subset/PATCHES/OVERCAST/2015-11-25/camera8/O_2015-11-25_09.00_C08_287.jpg,baseline,dataset_b,0,1,0.9999634027481079,OVERCAST,,,
data/raw/dataset_b/subset/PATCHES/OVERCAST/2015-11-25/camera4/O_2015-11-25_07.46_C04_262.jpg,baseline,dataset_b,0,1,0.9999624490737915,OVERCAST,,,
data/raw/dataset_b/subset/PATCHES/SUNNY/2015-11-12/camera4/S_2015-11-12_08.16_C04_302.jpg,baseline,dataset_b,0,1,0.9999622106552124,SUNNY,,,
data/raw/dataset_b/subset/PATCHES/OVERCAST/2015-12-18/camera5/O_2015-12-18_07.26_C05_233.jpg,baseline,dataset_b,0,1,0.9999620914459229,OVERCAST,,,
data/raw/dataset_b/subset/PATCHES/OVERCAST/2015-12-18/camera8/O_2015-12-18_09.10_C08_281.jpg,baseline,dataset_b,0,1,0.9999587535858154,OVERCAST,,,
data/raw/dataset_b/subset/PATCHES/RAINY/2016-02-12/camera7/R_2016-02-12_07.54_C07_241.jpg,baseline,dataset_b,0,1,0.9999579191207886,RAINY,,,
data/raw/dataset_b/subset/PATCHES/OVERCAST/2015-12-03/camera3/O_2015-12-03_07.16_C03_221.jpg,baseline,dataset_b,0,1,0.9999560117721558,OVERCAST,,,
data/raw/dataset_b/subset/PATCHES/SUNNY/2015-11-12/camera6/S_2015-11-12_08.46_C06_268.jpg,baseline,dataset_b,0,1,0.9999560117721558,SUNNY,,,
data/raw/dataset_b/subset/PATCHES/SUNNY/2015-11-22/camera5/S_2015-11-22_07.06_C05_609.jpg,baseline,dataset_b,0,1,0.9999520778656006,SUNNY,,,
data/raw/dataset_b/subset/PATCHES/SUNNY/2015-12-10/camera7/S_2015-12-10_08.21_C07_274.jpg,baseline,dataset_b,0,1,0.9999513626098633,SUNNY,,,
data/raw/dataset_b/subset/PATCHES/OVERCAST/2015-11-29/camera7/O_2015-11-29_15.49_C07_210.jpg,baseline,dataset_b,0,1,0.9999504089355469,OVERCAST,,,
data/raw/dataset_b/subset/PATCHES/SUNNY/2016-01-12/camera8/S_2016-01-12_08.27_C08_211.jpg,baseline,dataset_b,0,1,0.999947190284729,SUNNY,,,
data/raw/dataset_b/subset/PATCHES/SUNNY/2015-11-27/camera7/S_2015-11-27_10.19_C07_315.jpg,baseline,dataset_b,0,1,0.9999442100524902,SUNNY,,,
data/raw/dataset_b/subset/PATCHES/OVERCAST/2015-11-16/camera2/O_2015-11-16_07.44_C02_221.jpg,baseline,dataset_b,0,1,0.9999439716339111,OVERCAST,,,
data/raw/dataset_b/subset/PATCHES/OVERCAST/2015-11-20/camera3/O_2015-11-20_08.15_C03_188.jpg,baseline,dataset_b,0,1,0.9999423027038574,OVERCAST,,,
data/raw/dataset_b/subset/PATCHES/SUNNY/2015-11-22/camera7/S_2015-11-22_09.49_C07_209.jpg,baseline,dataset_b,0,1,0.9999414682388306,SUNNY,,,
data/raw/dataset_b/subset/PATCHES/OVERCAST/2015-11-16/camera7/O_2015-11-16_07.47_C07_286.jpg,baseline,dataset_b,0,1,0.9999393224716187,OVERCAST,,,
data/raw/dataset_b/subset/PATCHES/OVERCAST/2015-12-03/camera5/O_2015-12-03_08.48_C05_270.jpg,baseline,dataset_b,0,1,0.9999382495880127,OVERCAST,,,
data/raw/dataset_b/subset/PATCHES/RAINY/2016-02-12/camera7/R_2016-02-12_10.25_C07_276.jpg,mobilenet,dataset_b,1,0,0.9999332427978516,RAINY,,,
data/raw/dataset_b/subset/PATCHES/OVERCAST/2015-12-03/camera3/O_2015-12-03_07.16_C03_263.jpg,baseline,dataset_b,0,1,0.9999328851699829,OVERCAST,,,
data/raw/dataset_b/subset/PATCHES/SUNNY/2016-01-18/camera9/S_2016-01-18_17.10_C09_292.jpg,baseline,dataset_b,0,1,0.9999319314956665,SUNNY,,,
data/raw/dataset_b/subset/PATCHES/RAINY/2016-01-09/camera4/R_2016-01-09_09.52_C04_269.jpg,baseline,dataset_b,0,1,0.999931812286377,RAINY,,,
data/raw/dataset_b/subset/PATCHES/OVERCAST/2015-12-18/camera9/O_2015-12-18_07.24_C09_293.jpg,baseline,dataset_b,0,1,0.9999313354492188,OVERCAST,,,
data/raw/dataset_b/subset/PATCHES/OVERCAST/2015-11-16/camera7/O_2015-11-16_07.17_C07_277.jpg,baseline,dataset_b,0,1,0.9999308586120605,OVERCAST,,,
data/raw/dataset_b/subset/PATCHES/SUNNY/2015-11-27/camera8/S_2015-11-27_08.59_C08_211.jpg,baseline,dataset_b,0,1,0.9999300241470337,SUNNY,,,
data/raw/dataset_b/subset/PATCHES/SUNNY/2016-01-18/camera8/S_2016-01-18_09.45_C08_281.jpg,baseline,dataset_b,0,1,0.9999300241470337,SUNNY,,,
data/raw/dataset_b/subset/PATCHES/OVERCAST/2015-11-16/camera1/O_2015-11-16_09.10_C01_264.jpg,baseline,dataset_b,0,1,0.9999299049377441,OVERCAST,,,
data/raw/dataset_b/subset/PATCHES/OVERCAST/2015-11-16/camera3/O_2015-11-16_08.45_C03_190.jpg,baseline,dataset_b,0,1,0.9999289512634277,OVERCAST,,,
data/raw/dataset_b/subset/PATCHES/RAINY/2015-11-21/camera2/R_2015-11-21_13.14_C02_188.jpg,baseline,dataset_b,0,1,0.99992835521698,RAINY,,,
data/raw/dataset_b/subset/PATCHES/OVERCAST/2015-12-18/camera6/O_2015-12-18_14.22_C06_274.jpg,baseline,dataset_b,1,0,0.9999260902404785,OVERCAST,,,
data/raw/dataset_b/subset/PATCHES/RAINY/2015-12-22/camera3/R_2015-12-22_16.48_C03_263.jpg,baseline,dataset_b,0,1,0.9999253749847412,RAINY,,,
data/raw/dataset_b/subset/PATCHES/SUNNY/2015-12-10/camera2/S_2015-12-10_07.45_C02_187.jpg,baseline,dataset_b,0,1,0.9999233484268188,SUNNY,,,
data/raw/dataset_b/subset/PATCHES/SUNNY/2016-01-15/camera7/S_2016-01-15_14.41_C07_274.jpg,baseline,dataset_b,0,1,0.9999223947525024,SUNNY,,,
data/raw/dataset_b/subset/PATCHES/SUNNY/2016-01-13/camera8/S_2016-01-13_08.31_C08_244.jpg,baseline,dataset_b,0,1,0.9999202489852905,SUNNY,,,
data/raw/dataset_b/subset/PATCHES/OVERCAST/2015-11-20/camera1/O_2015-11-20_07.10_C01_222.jpg,baseline,dataset_b,0,1,0.9999191761016846,OVERCAST,,,
data/raw/dataset_b/subset/PATCHES/OVERCAST/2015-12-18/camera5/O_2015-12-18_07.26_C05_199.jpg,baseline,dataset_b,0,1,0.9999163150787354,OVERCAST,,,
data/raw/dataset_b/subset/PATCHES/RAINY/2015-12-22/camera1/R_2015-12-22_08.48_C01_187.jpg,baseline,dataset_b,0,1,0.9999146461486816,RAINY,,,
data/raw/dataset_b/subset/PATCHES/SUNNY/2016-01-15/camera1/S_2016-01-15_08.35_C01_223.jpg,baseline,dataset_b,0,1,0.9999129772186279,SUNNY,,,
data/raw/dataset_b/subset/PATCHES/SUNNY/2016-01-13/camera9/S_2016-01-13_13.52_C09_220.jpg,baseline,dataset_b,1,0,0.9999067783355713,SUNNY,,,
data/raw/dataset_b/subset/PATCHES/OVERCAST/2015-11-20/camera4/O_2015-11-20_09.16_C04_263.jpg,baseline,dataset_b,0,1,0.9999003410339355,OVERCAST,,,
data/raw/dataset_b/subset/PATCHES/OVERCAST/2015-11-20/camera7/O_2015-11-20_10.18_C07_206.jpg,baseline,dataset_b,0,1,0.9998961687088013,OVERCAST,,,
data/raw/dataset_b/subset/PATCHES/RAINY/2016-01-09/camera7/R_2016-01-09_12.28_C07_206.jpg,baseline,dataset_b,0,1,0.9998939037322998,RAINY,,,
data/raw/dataset_b/subset/PATCHES/SUNNY/2016-01-13/camera7/S_2016-01-13_11.22_C07_280.jpg,baseline,dataset_b,1,0,0.9998925924301147,SUNNY,,,
data/raw/dataset_b/subset/PATCHES/SUNNY/2016-01-16/camera8/S_2016-01-16_17.23_C08_327.jpg,baseline,dataset_b,0,1,0.9998921155929565,SUNNY,,,
data/raw/dataset_b/subset/PATCHES/RAINY/2016-02-12/camera3/R_2016-02-12_08.06_C03_193.jpg,baseline,dataset_b,0,1,0.999890923500061,RAINY,,,
data/raw/dataset_b/subset/PATCHES/OVERCAST/2015-11-25/camera1/O_2015-11-25_12.10_C01_191.jpg,baseline,dataset_b,1,0,0.9998898506164551,OVERCAST,,,
data/raw/dataset_b/subset/PATCHES/SUNNY/2016-01-12/camera5/S_2016-01-12_17.20_C05_312.jpg,baseline,dataset_b,0,1,0.9998894929885864,SUNNY,,,
data/raw/dataset_b/subset/PATCHES/SUNNY/2015-12-10/camera1/S_2015-12-10_08.41_C01_195.jpg,baseline,dataset_b,0,1,0.9998867511749268,SUNNY,,,
data/raw/dataset_b/subset/PATCHES/OVERCAST/2015-12-18/camera2/O_2015-12-18_11.47_C02_185.jpg,mobilenet,dataset_b,1,0,0.9998822212219238,OVERCAST,,,
data/raw/dataset_b/subset/PATCHES/SUNNY/2016-01-15/camera2/S_2016-01-15_07.34_C02_602.jpg,baseline,dataset_b,0,1,0.999880313873291,SUNNY,,,
data/raw/dataset_b/subset/PATCHES/SUNNY/2016-01-18/camera5/S_2016-01-18_17.14_C05_303.jpg,baseline,dataset_b,0,1,0.9998775720596313,SUNNY,,,
data/raw/dataset_b/subset/PATCHES/RAINY/2016-01-08/camera1/R_2016-01-08_10.19_C01_193.jpg,baseline,dataset_b,1,0,0.9998754262924194,RAINY,,,
data/raw/dataset_b/subset/PATCHES/SUNNY/2015-11-12/camera7/S_2015-11-12_07.17_C07_282.jpg,baseline,dataset_b,0,1,0.9998648166656494,SUNNY,,,
data/raw/dataset_b/subset/PATCHES/SUNNY/2016-01-15/camera9/S_2016-01-15_08.40_C09_296.jpg,baseline,dataset_b,0,1,0.9998542070388794,SUNNY,,,
data/raw/dataset_b/subset/PATCHES/SUNNY/2015-11-12/camera6/S_2015-11-12_07.16_C06_275.jpg,baseline,dataset_b,0,1,0.999843955039978,SUNNY,,,
data/raw/dataset_b/subset/PATCHES/SUNNY/2015-11-22/camera7/S_2015-11-22_16.19_C07_206.jpg,baseline,dataset_b,0,1,0.9998377561569214,SUNNY,,,
data/raw/dataset_b/subset/PATCHES/RAINY/2016-01-14/camera8/R_2016-01-14_08.58_C08_285.jpg,baseline,dataset_b,0,1,0.9998350143432617,RAINY,,,
data/raw/dataset_b/subset/PATCHES/OVERCAST/2015-12-19/camera4/O_2015-12-19_08.51_C04_195.jpg,baseline,dataset_b,0,1,0.9998281002044678,OVERCAST,,,
data/raw/dataset_b/subset/PATCHES/SUNNY/2016-01-13/camera3/S_2016-01-13_08.48_C03_190.jpg,baseline,dataset_b,0,1,0.9998263716697693,SUNNY,,,
data/raw/dataset_b/subset/PATCHES/SUNNY/2015-11-12/camera1/S_2015-11-12_07.09_C01_224.jpg,baseline,dataset_b,0,1,0.9998251795768738,SUNNY,NORMAL,NONE,assistant_visual_review_of_original_crop_contact_sheet
data/raw/dataset_b/subset/PATCHES/OVERCAST/2015-12-03/camera2/O_2015-12-03_07.44_C02_221.jpg,baseline,dataset_b,0,1,0.9998248219490051,OVERCAST,,,
data/raw/dataset_b/subset/PATCHES/OVERCAST/2015-12-18/camera8/O_2015-12-18_07.40_C08_215.jpg,baseline,dataset_b,0,1,0.9998179078102112,OVERCAST,,,
data/raw/dataset_b/subset/PATCHES/OVERCAST/2015-12-03/camera8/O_2015-12-03_08.11_C08_213.jpg,baseline,dataset_b,0,1,0.9998161196708679,OVERCAST,,,
data/raw/dataset_b/subset/PATCHES/RAINY/2016-02-12/camera9/R_2016-02-12_07.12_C09_217.jpg,baseline,dataset_b,0,1,0.9998148083686829,RAINY,,,
data/raw/dataset_b/subset/PATCHES/SUNNY/2016-01-15/camera3/S_2016-01-15_09.05_C03_189.jpg,baseline,dataset_b,0,1,0.9998114705085754,SUNNY,,,
data/raw/dataset_b/subset/PATCHES/RAINY/2016-01-14/camera9/R_2016-01-14_17.10_C09_257.jpg,baseline,dataset_b,0,1,0.9998050332069397,RAINY,,,
data/raw/dataset_b/subset/PATCHES/RAINY/2016-01-14/camera7/R_2016-01-14_08.10_C07_206.jpg,baseline,dataset_b,0,1,0.9998039603233337,RAINY,,,
data/raw/dataset_b/subset/PATCHES/SUNNY/2015-11-27/camera1/S_2015-11-27_12.40_C01_262.jpg,baseline,dataset_b,1,0,0.9998037219047546,SUNNY,,,
data/raw/dataset_b/subset/PATCHES/SUNNY/2015-11-27/camera1/S_2015-11-27_07.10_C01_193.jpg,baseline,dataset_b,0,1,0.9998012185096741,SUNNY,,,
data/raw/dataset_b/subset/PATCHES/RAINY/2016-01-09/camera4/R_2016-01-09_14.22_C04_262.jpg,baseline,dataset_b,0,1,0.999796450138092,RAINY,,,
data/raw/dataset_b/subset/PATCHES/OVERCAST/2015-11-20/camera6/O_2015-11-20_14.47_C06_277.jpg,baseline,dataset_b,0,1,0.9997952580451965,OVERCAST,,,
data/raw/dataset_b/subset/PATCHES/SUNNY/2015-11-12/camera1/S_2015-11-12_14.09_C01_193.jpg,baseline,dataset_b,0,1,0.9997918009757996,SUNNY,,,
data/raw/dataset_b/subset/PATCHES/SUNNY/2016-01-16/camera4/S_2016-01-16_11.07_C04_297.jpg,baseline,dataset_b,0,1,0.9997764229774475,SUNNY,,,
data/raw/dataset_b/subset/PATCHES/OVERCAST/2015-12-18/camera3/O_2015-12-18_16.48_C03_190.jpg,baseline,dataset_b,0,1,0.9997637867927551,OVERCAST,,,
data/raw/dataset_b/subset/PATCHES/SUNNY/2016-01-18/camera7/S_2016-01-18_08.45_C07_276.jpg,baseline,dataset_b,0,1,0.9997604489326477,SUNNY,,,
data/raw/dataset_b/subset/PATCHES/SUNNY/2016-01-12/camera5/S_2016-01-12_12.20_C05_305.jpg,baseline,dataset_b,1,0,0.9997538924217224,SUNNY,,,
data/raw/dataset_b/subset/PATCHES/RAINY/2016-01-14/camera6/R_2016-01-14_10.38_C06_233.jpg,baseline,dataset_b,1,0,0.9997532963752747,RAINY,,,
data/raw/dataset_b/subset/PATCHES/OVERCAST/2015-11-16/camera1/O_2015-11-16_07.40_C01_187.jpg,baseline,dataset_b,0,1,0.9997503161430359,OVERCAST,,,
data/raw/dataset_b/subset/PATCHES/SUNNY/2016-01-18/camera1/S_2016-01-18_09.35_C01_263.jpg,baseline,dataset_b,0,1,0.9997453093528748,SUNNY,,,
data/raw/dataset_b/subset/PATCHES/RAINY/2016-02-12/camera9/R_2016-02-12_10.12_C09_328.jpg,baseline,dataset_b,1,0,0.999739944934845,RAINY,,,
data/raw/dataset_b/subset/PATCHES/RAINY/2016-02-12/camera7/R_2016-02-12_09.25_C07_612.jpg,mobilenet,dataset_b,1,0,0.9997386336326599,RAINY,,,
data/raw/dataset_b/subset/PATCHES/SUNNY/2016-01-12/camera2/S_2016-01-12_13.23_C02_186.jpg,baseline,dataset_b,1,0,0.9997344613075256,SUNNY,,,
data/raw/dataset_b/subset/PATCHES/SUNNY/2015-12-17/camera2/S_2015-12-17_11.17_C02_187.jpg,baseline,dataset_b,1,0,0.999729335308075,SUNNY,,,
data/raw/dataset_b/subset/PATCHES/OVERCAST/2015-11-16/camera9/O_2015-11-16_08.17_C09_259.jpg,baseline,dataset_b,0,1,0.9997161030769348,OVERCAST,,,
data/raw/dataset_b/subset/PATCHES/SUNNY/2016-01-13/camera2/S_2016-01-13_10.00_C02_186.jpg,baseline,dataset_b,1,0,0.9997096657752991,SUNNY,,,
data/raw/dataset_b/subset/PATCHES/RAINY/2016-01-09/camera8/R_2016-01-09_11.13_C08_287.jpg,baseline,dataset_b,0,1,0.9996612071990967,RAINY,,,
data/raw/dataset_b/subset/PATCHES/RAINY/2016-01-08/camera7/R_2016-01-08_08.58_C07_206.jpg,baseline,dataset_b,0,1,0.9996598958969116,RAINY,,,
data/raw/dataset_b/subset/PATCHES/SUNNY/2016-01-18/camera4/S_2016-01-18_09.08_C04_194.jpg,baseline,dataset_b,0,1,0.9996578693389893,SUNNY,,,
data/raw/dataset_b/subset/PATCHES/RAINY/2016-02-12/camera5/R_2016-02-12_15.31_C05_304.jpg,baseline,dataset_b,1,0,0.9996532201766968,RAINY,,,
data/raw/dataset_b/subset/PATCHES/RAINY/2016-02-12/camera1/R_2016-02-12_08.10_C01_193.jpg,baseline,dataset_b,0,1,0.9996528625488281,RAINY,,,
data/raw/dataset_b/subset/PATCHES/RAINY/2015-12-22/camera6/R_2015-12-22_13.52_C06_269.jpg,baseline,dataset_b,0,1,0.9996525049209595,RAINY,,,
data/raw/dataset_b/subset/PATCHES/SUNNY/2016-01-12/camera9/S_2016-01-12_12.26_C09_253.jpg,baseline,dataset_b,1,0,0.9996517896652222,SUNNY,,,
data/raw/dataset_b/subset/PATCHES/RAINY/2016-02-12/camera2/R_2016-02-12_13.05_C02_601.jpg,baseline,dataset_b,1,0,0.9996500015258789,RAINY,,,
data/raw/dataset_b/subset/PATCHES/SUNNY/2015-11-12/camera6/S_2015-11-12_08.16_C06_280.jpg,baseline,dataset_b,0,1,0.99964439868927,SUNNY,,,
data/raw/dataset_b/subset/PATCHES/RAINY/2016-02-12/camera1/R_2016-02-12_08.10_C01_221.jpg,baseline,dataset_b,0,1,0.9996392726898193,RAINY,,,
data/raw/dataset_b/subset/PATCHES/OVERCAST/2015-11-29/camera1/O_2015-11-29_14.40_C01_262.jpg,baseline,dataset_b,0,1,0.9996334314346313,OVERCAST,,,
data/raw/dataset_b/subset/PATCHES/SUNNY/2016-01-13/camera1/S_2016-01-13_11.18_C01_605.jpg,baseline,dataset_b,1,0,0.9996156692504883,SUNNY,,,
data/raw/dataset_b/subset/PATCHES/OVERCAST/2015-12-03/camera8/O_2015-12-03_09.42_C08_327.jpg,baseline,dataset_b,0,1,0.9996116757392883,OVERCAST,,,
data/raw/dataset_b/subset/PATCHES/SUNNY/2015-12-10/camera2/S_2015-12-10_08.15_C02_187.jpg,baseline,dataset_b,0,1,0.9996076226234436,SUNNY,,,
data/raw/dataset_b/subset/PATCHES/OVERCAST/2015-12-18/camera1/O_2015-12-18_10.48_C01_264.jpg,baseline,dataset_b,1,0,0.999606192111969,OVERCAST,,,
data/raw/dataset_b/subset/PATCHES/RAINY/2016-01-09/camera2/R_2016-01-09_16.53_C02_601.jpg,baseline,dataset_b,0,1,0.9996058344841003,RAINY,,,
data/raw/dataset_b/subset/PATCHES/SUNNY/2015-11-12/camera6/S_2015-11-12_08.16_C06_279.jpg,baseline,dataset_b,0,1,0.9995892643928528,SUNNY,,,
data/raw/dataset_b/subset/PATCHES/OVERCAST/2015-12-18/camera7/O_2015-12-18_13.24_C07_207.jpg,baseline,dataset_b,0,1,0.9995867609977722,OVERCAST,,,
data/raw/dataset_b/subset/PATCHES/SUNNY/2016-01-18/camera7/S_2016-01-18_15.45_C07_282.jpg,baseline,dataset_b,0,1,0.9995793700218201,SUNNY,,,
data/raw/dataset_b/subset/PATCHES/RAINY/2016-01-08/camera1/R_2016-01-08_13.19_C01_265.jpg,baseline,dataset_b,0,1,0.9995765089988708,RAINY,,,
data/raw/dataset_b/subset/PATCHES/OVERCAST/2015-11-29/camera5/O_2015-11-29_09.18_C05_609.jpg,baseline,dataset_b,1,0,0.9995707869529724,OVERCAST,,,
data/raw/dataset_b/subset/PATCHES/OVERCAST/2015-11-25/camera3/O_2015-11-25_08.46_C03_222.jpg,baseline,dataset_b,0,1,0.9995692372322083,OVERCAST,,,
data/raw/dataset_b/subset/PATCHES/SUNNY/2015-12-10/camera9/S_2015-12-10_07.48_C09_219.jpg,baseline,dataset_b,0,1,0.9995540976524353,SUNNY,,,
data/raw/dataset_b/subset/PATCHES/OVERCAST/2015-12-03/camera3/O_2015-12-03_08.16_C03_222.jpg,baseline,dataset_b,0,1,0.9995476603507996,OVERCAST,,,
data/raw/dataset_b/subset/PATCHES/SUNNY/2016-01-15/camera4/S_2016-01-15_07.37_C04_267.jpg,baseline,dataset_b,0,1,0.9995439648628235,SUNNY,,,
data/raw/dataset_b/subset/PATCHES/SUNNY/2015-12-10/camera9/S_2015-12-10_08.18_C09_325.jpg,baseline,dataset_b,0,1,0.9995133876800537,SUNNY,,,
data/raw/dataset_b/subset/PATCHES/OVERCAST/2015-12-18/camera6/O_2015-12-18_07.51_C06_279.jpg,baseline,dataset_b,0,1,0.9995049238204956,OVERCAST,,,
data/raw/dataset_b/subset/PATCHES/RAINY/2015-11-21/camera1/R_2015-11-21_07.40_C01_196.jpg,baseline,dataset_b,1,0,0.999473512172699,RAINY,,,
data/raw/dataset_b/subset/PATCHES/OVERCAST/2015-12-19/camera5/O_2015-12-19_16.37_C05_266.jpg,baseline,dataset_b,0,1,0.9994631409645081,OVERCAST,,,
data/raw/dataset_b/subset/PATCHES/RAINY/2016-01-08/camera2/R_2016-01-08_07.53_C02_601.jpg,baseline,dataset_b,0,1,0.9994631409645081,RAINY,,,
data/raw/dataset_b/subset/PATCHES/OVERCAST/2015-11-20/camera6/O_2015-11-20_09.47_C06_280.jpg,baseline,dataset_b,0,1,0.9994493126869202,OVERCAST,,,
data/raw/dataset_b/subset/PATCHES/SUNNY/2015-11-12/camera9/S_2015-11-12_14.17_C09_327.jpg,baseline,dataset_b,1,0,0.9994401335716248,SUNNY,,,
data/raw/dataset_b/subset/PATCHES/SUNNY/2016-01-18/camera2/S_2016-01-18_09.04_C02_602.jpg,baseline,dataset_b,0,1,0.9994366765022278,SUNNY,,,
data/raw/dataset_b/subset/PATCHES/OVERCAST/2015-12-03/camera4/O_2015-12-03_16.47_C04_194.jpg,baseline,dataset_b,0,1,0.9994275569915771,OVERCAST,,,
data/raw/dataset_b/subset/PATCHES/OVERCAST/2015-12-03/camera2/O_2015-12-03_08.14_C02_187.jpg,baseline,dataset_b,0,1,0.9993993043899536,OVERCAST,,,
data/raw/dataset_b/subset/PATCHES/RAINY/2015-12-22/camera8/R_2015-12-22_07.51_C08_293.jpg,baseline,dataset_b,0,1,0.999394416809082,RAINY,,,
data/raw/dataset_b/subset/PATCHES/OVERCAST/2015-11-25/camera8/O_2015-11-25_08.30_C08_215.jpg,baseline,dataset_b,0,1,0.9993880987167358,OVERCAST,,,
data/raw/dataset_b/subset/PATCHES/OVERCAST/2015-11-16/camera3/O_2015-11-16_14.15_C03_187.jpg,baseline,dataset_b,0,1,0.9993703961372375,OVERCAST,,,
data/raw/dataset_b/subset/PATCHES/RAINY/2015-11-21/camera2/R_2015-11-21_10.44_C02_221.jpg,baseline,dataset_b,0,1,0.9993695616722107,RAINY,,,
data/raw/dataset_b/subset/PATCHES/OVERCAST/2015-12-03/camera7/O_2015-12-03_08.20_C07_240.jpg,baseline,dataset_b,0,1,0.9993646740913391,OVERCAST,,,
data/raw/dataset_b/subset/PATCHES/SUNNY/2016-01-13/camera2/S_2016-01-13_10.30_C02_186.jpg,baseline,dataset_b,1,0,0.9993389248847961,SUNNY,,,
data/raw/dataset_b/subset/PATCHES/OVERCAST/2015-12-18/camera2/O_2015-12-18_08.17_C02_188.jpg,baseline,dataset_b,0,1,0.9993385672569275,OVERCAST,,,
data/raw/dataset_b/subset/PATCHES/OVERCAST/2015-12-19/camera3/O_2015-12-19_15.48_C03_193.jpg,baseline,dataset_b,0,1,0.9993242025375366,OVERCAST,,,
data/raw/dataset_b/subset/PATCHES/SUNNY/2016-01-18/camera3/S_2016-01-18_13.05_C03_263.jpg,baseline,dataset_b,0,1,0.9992998838424683,SUNNY,,,
data/raw/dataset_b/subset/PATCHES/OVERCAST/2015-11-20/camera3/O_2015-11-20_14.15_C03_189.jpg,baseline,dataset_b,0,1,0.999298095703125,OVERCAST,,,
data/raw/dataset_b/subset/PATCHES/SUNNY/2016-01-18/camera9/S_2016-01-18_12.40_C09_330.jpg,baseline,dataset_b,1,0,0.9992978572845459,SUNNY,,,
data/raw/dataset_b/subset/PATCHES/OVERCAST/2015-12-18/camera1/O_2015-12-18_09.48_C01_189.jpg,baseline,dataset_b,1,0,0.9992947578430176,OVERCAST,,,
data/raw/dataset_b/subset/PATCHES/OVERCAST/2015-11-25/camera3/O_2015-11-25_08.16_C03_225.jpg,baseline,dataset_b,0,1,0.9992916584014893,OVERCAST,,,
data/raw/dataset_b/subset/PATCHES/OVERCAST/2015-11-25/camera3/O_2015-11-25_08.16_C03_190.jpg,baseline,dataset_b,0,1,0.9992907047271729,OVERCAST,,,
data/raw/dataset_b/subset/PATCHES/SUNNY/2016-01-12/camera1/S_2016-01-12_10.47_C01_185.jpg,mobilenet,dataset_b,1,0,0.999278724193573,SUNNY,,,
data/raw/dataset_b/subset/PATCHES/RAINY/2016-02-12/camera7/R_2016-02-12_09.25_C07_612.jpg,baseline,dataset_b,1,0,0.9992725253105164,RAINY,,,
data/raw/dataset_b/subset/PATCHES/SUNNY/2016-01-12/camera4/S_2016-01-12_12.19_C04_193.jpg,baseline,dataset_b,1,0,0.9992583394050598,SUNNY,,,
data/raw/dataset_b/subset/PATCHES/SUNNY/2016-01-12/camera3/S_2016-01-12_13.47_C03_297.jpg,baseline,dataset_b,1,0,0.9992414712905884,SUNNY,,,
data/raw/dataset_b/subset/PATCHES/SUNNY/2015-12-17/camera4/S_2015-12-17_07.51_C04_196.jpg,baseline,dataset_b,0,1,0.9992398023605347,SUNNY,,,
data/raw/dataset_b/subset/PATCHES/OVERCAST/2015-11-29/camera8/O_2015-11-29_10.49_C08_288.jpg,baseline,dataset_b,1,0,0.9992033839225769,OVERCAST,,,
data/raw/dataset_b/subset/PATCHES/SUNNY/2015-12-17/camera7/S_2015-12-17_16.54_C07_285.jpg,baseline,dataset_b,0,1,0.9991875290870667,SUNNY,,,
data/raw/dataset_b/subset/PATCHES/SUNNY/2016-01-15/camera7/S_2016-01-15_10.41_C07_277.jpg,mobilenet,dataset_b,1,0,0.9991794228553772,SUNNY,,,
data/raw/dataset_b/subset/PATCHES/RAINY/2016-01-14/camera4/R_2016-01-14_09.37_C04_194.jpg,baseline,dataset_b,1,0,0.9991772770881653,RAINY,,,
data/raw/dataset_b/subset/PATCHES/SUNNY/2015-12-10/camera9/S_2015-12-10_11.48_C09_327.jpg,baseline,dataset_b,1,0,0.9991457462310791,SUNNY,,,
data/raw/dataset_b/subset/PATCHES/OVERCAST/2015-12-18/camera2/O_2015-12-18_11.47_C02_601.jpg,baseline,dataset_b,1,0,0.999128520488739,OVERCAST,,,
data/raw/dataset_b/subset/PATCHES/OVERCAST/2015-12-03/camera1/O_2015-12-03_13.41_C01_185.jpg,mobilenet,dataset_b,1,0,0.9991219639778137,OVERCAST,,,
data/raw/dataset_b/subset/PATCHES/SUNNY/2016-01-15/camera4/S_2016-01-15_11.07_C04_226.jpg,baseline,dataset_b,1,0,0.9991183876991272,SUNNY,,,
data/raw/dataset_b/subset/PATCHES/RAINY/2015-11-21/camera3/R_2015-11-21_08.45_C03_192.jpg,baseline,dataset_b,0,1,0.999101996421814,RAINY,,,
data/raw/dataset_b/subset/PATCHES/OVERCAST/2015-11-25/camera3/O_2015-11-25_09.16_C03_192.jpg,baseline,dataset_b,0,1,0.9990999698638916,OVERCAST,,,
data/raw/dataset_b/subset/PATCHES/RAINY/2016-01-08/camera4/R_2016-01-08_08.52_C04_269.jpg,baseline,dataset_b,0,1,0.9990949630737305,RAINY,,,
data/raw/dataset_b/subset/PATCHES/SUNNY/2015-11-12/camera5/S_2015-11-12_09.17_C05_306.jpg,baseline,dataset_b,0,1,0.9990730285644531,SUNNY,,,
data/raw/dataset_b/subset/PATCHES/OVERCAST/2015-11-16/camera8/O_2015-11-16_07.22_C08_326.jpg,baseline,dataset_b,0,1,0.9990720748901367,OVERCAST,,,
data/raw/dataset_b/subset/PATCHES/OVERCAST/2015-11-29/camera8/O_2015-11-29_11.19_C08_288.jpg,baseline,dataset_b,1,0,0.9989984631538391,OVERCAST,,,
data/raw/dataset_b/subset/PATCHES/OVERCAST/2015-12-03/camera9/O_2015-12-03_07.47_C09_217.jpg,baseline,dataset_b,0,1,0.9989959597587585,OVERCAST,,,
data/raw/dataset_b/subset/PATCHES/SUNNY/2015-11-22/camera2/S_2015-11-22_08.14_C02_188.jpg,baseline,dataset_b,0,1,0.9989953637123108,SUNNY,,,
data/raw/dataset_b/subset/PATCHES/SUNNY/2016-01-15/camera6/S_2016-01-15_08.38_C06_201.jpg,mobilenet,dataset_b,1,0,0.9989872574806213,SUNNY,,,
data/raw/dataset_b/subset/PATCHES/RAINY/2016-01-09/camera4/R_2016-01-09_16.52_C04_262.jpg,baseline,dataset_b,0,1,0.998956561088562,RAINY,,,
data/raw/dataset_b/subset/PATCHES/OVERCAST/2015-11-16/camera1/O_2015-11-16_16.10_C01_192.jpg,baseline,dataset_b,0,1,0.99894779920578,OVERCAST,,,
data/raw/dataset_b/subset/PATCHES/OVERCAST/2015-12-03/camera5/O_2015-12-03_07.18_C05_303.jpg,baseline,dataset_b,0,1,0.9989423155784607,OVERCAST,,,
data/raw/dataset_b/subset/PATCHES/SUNNY/2015-11-12/camera5/S_2015-11-12_09.17_C05_266.jpg,baseline,dataset_b,0,1,0.9989282488822937,SUNNY,,,
data/raw/dataset_b/subset/PATCHES/SUNNY/2015-12-10/camera2/S_2015-12-10_13.45_C02_188.jpg,baseline,dataset_b,0,1,0.9989005327224731,SUNNY,,,
data/raw/dataset_b/subset/PATCHES/SUNNY/2016-01-15/camera7/S_2016-01-15_09.11_C07_318.jpg,mobilenet,dataset_b,1,0,0.9988960027694702,SUNNY,NORMAL,NONE,assistant_visual_review_of_original_crop_contact_sheet
data/raw/dataset_b/subset/PATCHES/RAINY/2016-02-12/camera6/R_2016-02-12_12.24_C06_307.jpg,baseline,dataset_b,1,0,0.9988747239112854,RAINY,,,
data/raw/dataset_b/subset/PATCHES/SUNNY/2016-01-13/camera7/S_2016-01-13_07.52_C07_281.jpg,baseline,dataset_b,0,1,0.9988677501678467,SUNNY,,,
data/raw/dataset_b/subset/PATCHES/OVERCAST/2015-12-03/camera1/O_2015-12-03_13.41_C01_185.jpg,baseline,dataset_b,1,0,0.9988422989845276,OVERCAST,,,
data/raw/dataset_b/subset/PATCHES/SUNNY/2016-01-12/camera8/S_2016-01-12_15.00_C08_250.jpg,baseline,dataset_b,1,0,0.9988019466400146,SUNNY,,,
data/raw/dataset_b/subset/PATCHES/RAINY/2016-02-12/camera3/R_2016-02-12_09.36_C03_606.jpg,baseline,dataset_b,1,0,0.998801589012146,RAINY,,,
data/raw/dataset_b/subset/PATCHES/RAINY/2015-12-22/camera1/R_2015-12-22_08.48_C01_230.jpg,baseline,dataset_b,0,1,0.9987491369247437,RAINY,,,
data/raw/dataset_b/subset/PATCHES/SUNNY/2015-11-27/camera8/S_2015-11-27_08.59_C08_291.jpg,baseline,dataset_b,0,1,0.9987346529960632,SUNNY,,,
data/raw/dataset_b/subset/PATCHES/OVERCAST/2015-11-16/camera3/O_2015-11-16_07.15_C03_190.jpg,baseline,dataset_b,0,1,0.9986987113952637,OVERCAST,,,
data/raw/dataset_b/subset/PATCHES/SUNNY/2015-12-17/camera1/S_2015-12-17_12.18_C01_196.jpg,mobilenet,dataset_b,1,0,0.998698353767395,SUNNY,,,
data/raw/dataset_b/subset/PATCHES/RAINY/2016-02-12/camera9/R_2016-02-12_09.42_C09_219.jpg,baseline,dataset_b,1,0,0.9986978769302368,RAINY,,,
data/raw/dataset_b/subset/PATCHES/SUNNY/2015-12-17/camera3/S_2015-12-17_12.48_C03_187.jpg,baseline,dataset_b,0,1,0.9986944794654846,SUNNY,,,
data/raw/dataset_b/subset/PATCHES/SUNNY/2015-11-22/camera7/S_2015-11-22_09.49_C07_316.jpg,baseline,dataset_b,0,1,0.9986699819564819,SUNNY,,,
data/raw/dataset_b/subset/PATCHES/SUNNY/2016-01-12/camera9/S_2016-01-12_13.26_C09_325.jpg,baseline,dataset_b,1,0,0.9986592531204224,SUNNY,,,
data/raw/dataset_b/subset/PATCHES/RAINY/2016-01-14/camera7/R_2016-01-14_15.10_C07_277.jpg,mobilenet,dataset_b,1,0,0.9986355900764465,RAINY,,,
data/raw/dataset_b/subset/PATCHES/SUNNY/2016-01-13/camera2/S_2016-01-13_10.30_C02_221.jpg,baseline,dataset_b,1,0,0.9986110925674438,SUNNY,,,
data/raw/dataset_b/subset/PATCHES/SUNNY/2016-01-18/camera9/S_2016-01-18_15.10_C09_253.jpg,baseline,dataset_b,1,0,0.9985690116882324,SUNNY,,,
data/raw/dataset_b/subset/PATCHES/SUNNY/2016-01-12/camera1/S_2016-01-12_10.47_C01_185.jpg,baseline,dataset_b,1,0,0.9985560774803162,SUNNY,,,
data/raw/dataset_b/subset/PATCHES/RAINY/2016-02-12/camera2/R_2016-02-12_17.35_C02_601.jpg,baseline,dataset_b,0,1,0.9985421895980835,RAINY,,,
data/raw/dataset_b/subset/PATCHES/OVERCAST/2015-11-29/camera9/O_2015-11-29_15.17_C09_259.jpg,baseline,dataset_b,0,1,0.9985412359237671,OVERCAST,,,
data/raw/dataset_b/subset/PATCHES/OVERCAST/2015-12-03/camera4/O_2015-12-03_07.17_C04_304.jpg,baseline,dataset_b,0,1,0.9985161423683167,OVERCAST,,,
data/raw/dataset_b/subset/PATCHES/SUNNY/2016-01-13/camera9/S_2016-01-13_12.52_C09_326.jpg,mobilenet,dataset_b,1,0,0.998462438583374,SUNNY,,,
data/raw/dataset_b/subset/PATCHES/RAINY/2016-01-08/camera1/R_2016-01-08_10.49_C01_196.jpg,baseline,dataset_b,1,0,0.9984013438224792,RAINY,,,
data/raw/dataset_b/subset/PATCHES/RAINY/2016-01-14/camera7/R_2016-01-14_11.10_C07_239.jpg,mobilenet,dataset_b,1,0,0.9983412027359009,RAINY,,,
data/raw/dataset_b/subset/PATCHES/SUNNY/2016-01-18/camera3/S_2016-01-18_17.05_C03_191.jpg,baseline,dataset_b,0,1,0.9983327984809875,SUNNY,,,
data/raw/dataset_b/subset/PATCHES/OVERCAST/2015-11-29/camera1/O_2015-11-29_14.40_C01_222.jpg,baseline,dataset_b,0,1,0.9983281493186951,OVERCAST,,,
data/raw/dataset_b/subset/PATCHES/OVERCAST/2015-11-20/camera9/O_2015-11-20_07.17_C09_220.jpg,baseline,dataset_b,0,1,0.9982743263244629,OVERCAST,,,
data/raw/dataset_b/subset/PATCHES/RAINY/2016-01-09/camera3/R_2016-01-09_15.19_C03_193.jpg,baseline,dataset_b,0,1,0.9982609152793884,RAINY,,,
data/raw/dataset_b/subset/PATCHES/SUNNY/2016-01-18/camera2/S_2016-01-18_09.04_C02_601.jpg,baseline,dataset_b,0,1,0.9982075691223145,SUNNY,,,
data/raw/dataset_b/subset/PATCHES/OVERCAST/2015-12-03/camera2/O_2015-12-03_08.14_C02_221.jpg,baseline,dataset_b,0,1,0.9981022477149963,OVERCAST,,,
data/raw/dataset_b/subset/PATCHES/SUNNY/2016-01-15/camera9/S_2016-01-15_10.10_C09_617.jpg,baseline,dataset_b,1,0,0.9980886578559875,SUNNY,,,
data/raw/dataset_b/subset/PATCHES/OVERCAST/2015-12-18/camera2/O_2015-12-18_11.47_C02_185.jpg,baseline,dataset_b,1,0,0.9979902505874634,OVERCAST,,,
data/raw/dataset_b/subset/PATCHES/SUNNY/2016-01-12/camera6/S_2016-01-12_13.20_C06_310.jpg,baseline,dataset_b,1,0,0.9979687333106995,SUNNY,,,
data/raw/dataset_b/subset/PATCHES/RAINY/2016-01-14/camera1/R_2016-01-14_14.05_C01_190.jpg,baseline,dataset_b,0,1,0.9979251623153687,RAINY,,,
data/raw/dataset_b/subset/PATCHES/SUNNY/2015-11-12/camera4/S_2015-11-12_08.16_C04_264.jpg,baseline,dataset_b,0,1,0.9978758096694946,SUNNY,,,
data/raw/dataset_b/subset/PATCHES/OVERCAST/2015-11-25/camera7/O_2015-11-25_13.19_C07_283.jpg,baseline,dataset_b,0,1,0.9978505373001099,OVERCAST,,,
data/raw/dataset_b/subset/PATCHES/SUNNY/2016-01-13/camera1/S_2016-01-13_12.48_C01_221.jpg,baseline,dataset_b,1,0,0.9977355003356934,SUNNY,,,
data/raw/dataset_b/subset/PATCHES/SUNNY/2016-01-18/camera2/S_2016-01-18_08.34_C02_188.jpg,baseline,dataset_b,0,1,0.9976873397827148,SUNNY,,,
data/raw/dataset_b/subset/PATCHES/SUNNY/2016-01-15/camera3/S_2016-01-15_07.35_C03_224.jpg,baseline,dataset_b,0,1,0.9976828098297119,SUNNY,,,
data/raw/dataset_b/subset/PATCHES/RAINY/2016-01-08/camera9/R_2016-01-08_08.25_C09_290.jpg,baseline,dataset_b,0,1,0.9976814985275269,RAINY,,,
data/raw/dataset_b/subset/PATCHES/SUNNY/2016-01-18/camera9/S_2016-01-18_08.40_C09_292.jpg,baseline,dataset_b,0,1,0.9975760579109192,SUNNY,,,
data/raw/dataset_b/subset/PATCHES/SUNNY/2016-01-13/camera3/S_2016-01-13_08.48_C03_222.jpg,baseline,dataset_b,0,1,0.9975497126579285,SUNNY,,,
data/raw/dataset_b/subset/PATCHES/OVERCAST/2015-11-20/camera4/O_2015-11-20_08.46_C04_194.jpg,baseline,dataset_b,0,1,0.9974868297576904,OVERCAST,,,
data/raw/dataset_b/subset/PATCHES/SUNNY/2015-11-27/camera6/S_2015-11-27_16.48_C06_270.jpg,baseline,dataset_b,0,1,0.9974092841148376,SUNNY,,,
data/raw/dataset_b/subset/PATCHES/SUNNY/2015-12-17/camera1/S_2015-12-17_12.18_C01_196.jpg,baseline,dataset_b,1,0,0.9973958730697632,SUNNY,,,
data/raw/dataset_b/subset/PATCHES/SUNNY/2016-01-18/camera3/S_2016-01-18_16.35_C03_297.jpg,mobilenet,dataset_b,1,0,0.9973546266555786,SUNNY,,,
data/raw/dataset_b/subset/PATCHES/SUNNY/2015-12-17/camera2/S_2015-12-17_13.17_C02_185.jpg,baseline,dataset_b,1,0,0.997271716594696,SUNNY,,,
data/raw/dataset_b/subset/PATCHES/SUNNY/2015-12-10/camera4/S_2015-12-10_09.18_C04_300.jpg,baseline,dataset_b,0,1,0.997205913066864,SUNNY,,,
data/raw/dataset_b/subset/PATCHES/SUNNY/2016-01-15/camera3/S_2016-01-15_07.35_C03_225.jpg,baseline,dataset_b,0,1,0.9971931576728821,SUNNY,,,
data/raw/dataset_b/subset/PATCHES/SUNNY/2016-01-15/camera9/S_2016-01-15_12.10_C09_291.jpg,baseline,dataset_b,1,0,0.9971711039543152,SUNNY,,,
data/raw/dataset_b/subset/PATCHES/SUNNY/2015-12-17/camera1/S_2015-12-17_08.48_C01_230.jpg,baseline,dataset_b,0,1,0.997143566608429,SUNNY,,,
data/raw/dataset_b/subset/PATCHES/OVERCAST/2015-12-18/camera9/O_2015-12-18_14.24_C09_325.jpg,baseline,dataset_b,1,0,0.9971306920051575,OVERCAST,,,
data/raw/dataset_b/subset/PATCHES/RAINY/2016-01-08/camera1/R_2016-01-08_08.49_C01_191.jpg,baseline,dataset_b,0,1,0.9970957040786743,RAINY,,,
data/raw/dataset_b/subset/PATCHES/SUNNY/2016-01-12/camera9/S_2016-01-12_12.56_C09_325.jpg,baseline,dataset_b,1,0,0.9969736337661743,SUNNY,,,
data/raw/dataset_b/subset/PATCHES/SUNNY/2016-01-16/camera7/S_2016-01-16_16.13_C07_320.jpg,baseline,dataset_b,0,1,0.9969587326049805,SUNNY,,,
data/raw/dataset_b/subset/PATCHES/RAINY/2015-11-21/camera3/R_2015-11-21_11.15_C03_225.jpg,baseline,dataset_b,0,1,0.9968926906585693,RAINY,,,
data/raw/dataset_b/subset/PATCHES/SUNNY/2015-11-22/camera9/S_2015-11-22_09.47_C09_331.jpg,mobilenet,dataset_b,1,0,0.996887743473053,SUNNY,,,
data/raw/dataset_b/subset/PATCHES/RAINY/2016-01-08/camera7/R_2016-01-08_15.58_C07_207.jpg,baseline,dataset_b,0,1,0.9968193769454956,RAINY,,,
data/raw/dataset_b/subset/PATCHES/OVERCAST/2015-11-25/camera7/O_2015-11-25_13.19_C07_285.jpg,baseline,dataset_b,0,1,0.9968088269233704,OVERCAST,,,
data/raw/dataset_b/subset/PATCHES/SUNNY/2016-01-18/camera1/S_2016-01-18_12.35_C01_225.jpg,baseline,dataset_b,0,1,0.9967867136001587,SUNNY,,,
data/raw/dataset_b/subset/PATCHES/SUNNY/2016-01-15/camera7/S_2016-01-15_15.11_C07_283.jpg,baseline,dataset_b,0,1,0.9967638254165649,SUNNY,,,
data/raw/dataset_b/subset/PATCHES/SUNNY/2015-12-17/camera7/S_2015-12-17_08.24_C07_282.jpg,baseline,dataset_b,0,1,0.9966291785240173,SUNNY,,,
data/raw/dataset_b/subset/PATCHES/SUNNY/2016-01-16/camera4/S_2016-01-16_10.37_C04_298.jpg,baseline,dataset_b,0,1,0.9966133236885071,SUNNY,,,
data/raw/dataset_b/subset/PATCHES/SUNNY/2015-11-12/camera3/S_2015-11-12_08.15_C03_224.jpg,baseline,dataset_b,0,1,0.9965960383415222,SUNNY,,,
data/raw/dataset_b/subset/PATCHES/SUNNY/2016-01-15/camera7/S_2016-01-15_09.11_C07_318.jpg,baseline,dataset_b,1,0,0.9965521097183228,SUNNY,NORMAL,NONE,assistant_visual_review_of_original_crop_contact_sheet
data/raw/dataset_b/subset/PATCHES/OVERCAST/2015-12-18/camera3/O_2015-12-18_16.18_C03_263.jpg,baseline,dataset_b,0,1,0.9964936375617981,OVERCAST,,,
data/raw/dataset_b/subset/PATCHES/OVERCAST/2015-11-16/camera8/O_2015-11-16_11.58_C08_247.jpg,baseline,dataset_b,0,1,0.99647456407547,OVERCAST,,,
data/raw/dataset_b/subset/PATCHES/SUNNY/2016-01-16/camera9/S_2016-01-16_14.40_C09_259.jpg,baseline,dataset_b,0,1,0.9964608550071716,SUNNY,,,
data/raw/dataset_b/subset/PATCHES/RAINY/2016-01-08/camera1/R_2016-01-08_10.49_C01_196.jpg,mobilenet,dataset_b,1,0,0.9964602589607239,RAINY,,,
data/raw/dataset_b/subset/PATCHES/OVERCAST/2015-12-03/camera9/O_2015-12-03_11.17_C09_327.jpg,baseline,dataset_b,1,0,0.9964573979377747,OVERCAST,,,
data/raw/dataset_b/subset/PATCHES/SUNNY/2016-01-12/camera9/S_2016-01-12_14.26_C09_326.jpg,baseline,dataset_b,1,0,0.996390163898468,SUNNY,,,
data/raw/dataset_b/subset/PATCHES/SUNNY/2015-11-12/camera4/S_2015-11-12_07.46_C04_304.jpg,baseline,dataset_b,0,1,0.9963776469230652,SUNNY,,,
data/raw/dataset_b/subset/PATCHES/SUNNY/2015-12-17/camera9/S_2015-12-17_10.54_C09_327.jpg,baseline,dataset_b,1,0,0.9962823987007141,SUNNY,,,
data/raw/dataset_b/subset/PATCHES/OVERCAST/2015-11-29/camera4/O_2015-11-29_07.17_C04_193.jpg,baseline,dataset_b,0,1,0.9962324500083923,OVERCAST,,,
data/raw/dataset_b/subset/PATCHES/SUNNY/2015-12-17/camera9/S_2015-12-17_15.24_C09_325.jpg,baseline,dataset_b,1,0,0.9961607456207275,SUNNY,,,
data/raw/dataset_b/subset/PATCHES/SUNNY/2016-01-18/camera5/S_2016-01-18_17.14_C05_304.jpg,baseline,dataset_b,0,1,0.9961434006690979,SUNNY,,,
data/raw/dataset_b/subset/PATCHES/RAINY/2016-02-12/camera3/R_2016-02-12_10.06_C03_299.jpg,baseline,dataset_b,1,0,0.9960334897041321,RAINY,,,
data/raw/dataset_b/subset/PATCHES/SUNNY/2015-12-17/camera1/S_2015-12-17_07.48_C01_222.jpg,baseline,dataset_b,0,1,0.9959915280342102,SUNNY,,,
data/raw/dataset_b/subset/PATCHES/SUNNY/2015-11-22/camera5/S_2015-11-22_07.06_C05_266.jpg,baseline,dataset_b,0,1,0.9959889054298401,SUNNY,,,
data/raw/dataset_b/subset/PATCHES/SUNNY/2016-01-13/camera5/S_2016-01-13_11.20_C05_230.jpg,baseline,dataset_b,1,0,0.99588543176651,SUNNY,,,
data/raw/dataset_b/subset/PATCHES/RAINY/2016-01-14/camera7/R_2016-01-14_10.10_C07_277.jpg,mobilenet,dataset_b,1,0,0.9958513975143433,RAINY,,,
data/raw/dataset_b/subset/PATCHES/SUNNY/2016-01-12/camera9/S_2016-01-12_10.56_C09_217.jpg,baseline,dataset_b,1,0,0.9958086013793945,SUNNY,BRIGHT,NONE,assistant_visual_review_of_original_crop_contact_sheet
data/raw/dataset_b/subset/PATCHES/RAINY/2015-12-22/camera2/R_2015-12-22_16.47_C02_187.jpg,baseline,dataset_b,0,1,0.9957082271575928,RAINY,,,
data/raw/dataset_b/subset/PATCHES/SUNNY/2015-12-10/camera8/S_2015-12-10_08.41_C08_286.jpg,baseline,dataset_b,0,1,0.9956396818161011,SUNNY,,,
data/raw/dataset_b/subset/PATCHES/SUNNY/2016-01-13/camera8/S_2016-01-13_08.01_C08_212.jpg,baseline,dataset_b,0,1,0.9955991506576538,SUNNY,,,
data/raw/dataset_b/subset/PATCHES/SUNNY/2016-01-15/camera4/S_2016-01-15_11.07_C04_192.jpg,mobilenet,dataset_b,1,0,0.9955936074256897,SUNNY,,,
data/raw/dataset_b/subset/PATCHES/OVERCAST/2015-12-19/camera1/O_2015-12-19_14.48_C01_607.jpg,baseline,dataset_b,0,1,0.9955649971961975,OVERCAST,,,
data/raw/dataset_b/subset/PATCHES/RAINY/2016-01-09/camera1/R_2016-01-09_09.49_C01_608.jpg,baseline,dataset_b,0,1,0.9955358505249023,RAINY,,,
data/raw/dataset_b/subset/PATCHES/SUNNY/2016-01-15/camera6/S_2016-01-15_11.08_C06_309.jpg,baseline,dataset_b,1,0,0.995482325553894,SUNNY,,,
data/raw/dataset_b/subset/PATCHES/RAINY/2016-02-12/camera5/R_2016-02-12_17.31_C05_298.jpg,mobilenet,dataset_b,1,0,0.9953848719596863,RAINY,,,
data/raw/dataset_b/subset/PATCHES/RAINY/2016-02-12/camera1/R_2016-02-12_10.40_C01_188.jpg,baseline,dataset_b,1,0,0.9953404664993286,RAINY,,,
data/raw/dataset_b/subset/PATCHES/RAINY/2015-11-21/camera9/R_2015-11-21_07.17_C09_331.jpg,mobilenet,dataset_b,1,0,0.9953243732452393,RAINY,,,
data/raw/dataset_b/subset/PATCHES/RAINY/2016-02-12/camera7/R_2016-02-12_10.55_C07_277.jpg,mobilenet,dataset_b,1,0,0.9953122138977051,RAINY,,,
data/raw/dataset_b/subset/PATCHES/RAINY/2015-12-22/camera1/R_2015-12-22_09.18_C01_195.jpg,baseline,dataset_b,0,1,0.995261013507843,RAINY,,,
data/raw/dataset_b/subset/PATCHES/RAINY/2015-11-21/camera3/R_2015-11-21_13.45_C03_222.jpg,baseline,dataset_b,0,1,0.9952313303947449,RAINY,,,
data/raw/dataset_b/subset/PATCHES/RAINY/2016-01-08/camera3/R_2016-01-08_07.49_C03_187.jpg,baseline,dataset_b,0,1,0.9951993823051453,RAINY,,,
data/raw/dataset_b/subset/PATCHES/OVERCAST/2015-12-18/camera8/O_2015-12-18_12.13_C08_615.jpg,baseline,dataset_b,0,1,0.9951145648956299,OVERCAST,,,
data/raw/dataset_b/subset/PATCHES/RAINY/2016-01-14/camera2/R_2016-01-14_12.04_C02_185.jpg,baseline,dataset_b,1,0,0.9950940608978271,RAINY,,,
data/raw/dataset_b/subset/PATCHES/RAINY/2016-02-12/camera8/R_2016-02-12_12.06_C08_214.jpg,baseline,dataset_b,1,0,0.9950243830680847,RAINY,,,
data/raw/dataset_b/subset/PATCHES/SUNNY/2016-01-12/camera9/S_2016-01-12_12.56_C09_325.jpg,mobilenet,dataset_b,1,0,0.9949959516525269,SUNNY,,,
data/raw/dataset_b/subset/PATCHES/RAINY/2016-01-14/camera6/R_2016-01-14_11.08_C06_233.jpg,baseline,dataset_b,1,0,0.9949774146080017,RAINY,,,
data/raw/dataset_b/subset/PATCHES/SUNNY/2016-01-12/camera3/S_2016-01-12_09.47_C03_606.jpg,baseline,dataset_b,1,0,0.9949593544006348,SUNNY,,,
data/raw/dataset_b/subset/PATCHES/SUNNY/2015-11-27/camera8/S_2015-11-27_09.30_C08_319.jpg,baseline,dataset_b,0,1,0.9947898387908936,SUNNY,,,
data/raw/dataset_b/subset/PATCHES/SUNNY/2015-11-22/camera8/S_2015-11-22_10.37_C08_285.jpg,baseline,dataset_b,0,1,0.9947283864021301,SUNNY,,,
data/raw/dataset_b/subset/PATCHES/SUNNY/2015-12-10/camera7/S_2015-12-10_08.21_C07_283.jpg,baseline,dataset_b,0,1,0.9943549633026123,SUNNY,,,
data/raw/dataset_b/subset/PATCHES/SUNNY/2016-01-15/camera9/S_2016-01-15_14.40_C09_292.jpg,baseline,dataset_b,0,1,0.9943224191665649,SUNNY,,,
data/raw/dataset_b/subset/PATCHES/OVERCAST/2015-11-16/camera6/O_2015-11-16_09.47_C06_280.jpg,baseline,dataset_b,0,1,0.994249701499939,OVERCAST,,,
data/raw/dataset_b/subset/PATCHES/SUNNY/2016-01-15/camera9/S_2016-01-15_13.10_C09_328.jpg,baseline,dataset_b,1,0,0.9942418336868286,SUNNY,,,
data/raw/dataset_b/subset/PATCHES/OVERCAST/2015-12-18/camera1/O_2015-12-18_10.18_C01_195.jpg,baseline,dataset_b,1,0,0.994102418422699,OVERCAST,,,
data/raw/dataset_b/subset/PATCHES/RAINY/2016-01-14/camera2/R_2016-01-14_08.04_C02_188.jpg,baseline,dataset_b,0,1,0.9940959215164185,RAINY,,,
data/raw/dataset_b/subset/PATCHES/RAINY/2015-11-21/camera1/R_2015-11-21_07.40_C01_607.jpg,baseline,dataset_b,0,1,0.9938934445381165,RAINY,,,
data/raw/dataset_b/subset/PATCHES/SUNNY/2016-01-18/camera5/S_2016-01-18_09.14_C05_312.jpg,baseline,dataset_b,0,1,0.9938495755195618,SUNNY,,,
data/raw/dataset_b/subset/PATCHES/SUNNY/2016-01-18/camera1/S_2016-01-18_11.35_C01_192.jpg,baseline,dataset_b,1,0,0.9937015771865845,SUNNY,,,
data/raw/dataset_b/subset/PATCHES/SUNNY/2015-11-12/camera9/S_2015-11-12_12.47_C09_327.jpg,mobilenet,dataset_b,1,0,0.9936015009880066,SUNNY,,,
data/raw/dataset_b/subset/PATCHES/SUNNY/2016-01-13/camera9/S_2016-01-13_12.52_C09_326.jpg,baseline,dataset_b,1,0,0.9935865998268127,SUNNY,,,
data/raw/dataset_b/subset/PATCHES/RAINY/2016-01-14/camera7/R_2016-01-14_08.10_C07_313.jpg,baseline,dataset_b,0,1,0.9933981895446777,RAINY,,,
data/raw/dataset_b/subset/PATCHES/SUNNY/2015-12-10/camera2/S_2015-12-10_09.15_C02_184.jpg,baseline,dataset_b,0,1,0.9933915138244629,SUNNY,,,
data/raw/dataset_b/subset/PATCHES/SUNNY/2015-11-27/camera9/S_2015-11-27_07.17_C09_220.jpg,baseline,dataset_b,0,1,0.9933737516403198,SUNNY,,,
data/raw/dataset_b/subset/PATCHES/SUNNY/2016-01-12/camera9/S_2016-01-12_13.26_C09_325.jpg,mobilenet,dataset_b,1,0,0.9933667778968811,SUNNY,,,
data/raw/dataset_b/subset/PATCHES/RAINY/2015-12-22/camera2/R_2015-12-22_07.47_C02_602.jpg,baseline,dataset_b,0,1,0.9933657050132751,RAINY,,,
data/raw/dataset_b/subset/PATCHES/OVERCAST/2015-11-25/camera1/O_2015-11-25_08.10_C01_191.jpg,baseline,dataset_b,0,1,0.9933260679244995,OVERCAST,,,
data/raw/dataset_b/subset/PATCHES/RAINY/2016-01-08/camera5/R_2016-01-08_08.33_C05_297.jpg,baseline,dataset_b,0,1,0.9932886958122253,RAINY,,,
data/raw/dataset_b/subset/PATCHES/SUNNY/2015-11-22/camera4/S_2015-11-22_10.16_C04_297.jpg,baseline,dataset_b,0,1,0.9929311275482178,SUNNY,,,
data/raw/dataset_b/subset/PATCHES/SUNNY/2016-01-13/camera9/S_2016-01-13_12.22_C09_330.jpg,baseline,dataset_b,1,0,0.9928960204124451,SUNNY,,,
data/raw/dataset_b/subset/PATCHES/RAINY/2016-01-14/camera7/R_2016-01-14_16.40_C07_281.jpg,baseline,dataset_b,0,1,0.9928802847862244,RAINY,,,
data/raw/dataset_b/subset/PATCHES/SUNNY/2016-01-16/camera3/S_2016-01-16_17.05_C03_187.jpg,baseline,dataset_b,0,1,0.9926329255104065,SUNNY,,,
data/raw/dataset_b/subset/PATCHES/SUNNY/2016-01-15/camera1/S_2016-01-15_13.05_C01_226.jpg,baseline,dataset_b,1,0,0.9924345016479492,SUNNY,,,
data/raw/dataset_b/subset/PATCHES/SUNNY/2016-01-18/camera5/S_2016-01-18_09.14_C05_273.jpg,baseline,dataset_b,0,1,0.9924290776252747,SUNNY,,,
data/raw/dataset_b/subset/PATCHES/SUNNY/2015-12-17/camera9/S_2015-12-17_13.24_C09_293.jpg,baseline,dataset_b,1,0,0.992425799369812,SUNNY,,,
data/raw/dataset_b/subset/PATCHES/RAINY/2016-01-08/camera9/R_2016-01-08_10.55_C09_291.jpg,baseline,dataset_b,1,0,0.9924156665802002,RAINY,,,
data/raw/dataset_b/subset/PATCHES/SUNNY/2015-12-17/camera4/S_2015-12-17_10.51_C04_304.jpg,mobilenet,dataset_b,1,0,0.9923973679542542,SUNNY,,,
data/raw/dataset_b/subset/PATCHES/SUNNY/2016-01-16/camera9/S_2016-01-16_10.10_C09_220.jpg,baseline,dataset_b,0,1,0.9923282265663147,SUNNY,,,
data/raw/dataset_b/subset/PATCHES/RAINY/2015-12-22/camera5/R_2015-12-22_16.53_C05_297.jpg,baseline,dataset_b,0,1,0.9923028945922852,RAINY,,,
data/raw/dataset_b/subset/PATCHES/OVERCAST/2015-12-03/camera1/O_2015-12-03_12.11_C01_226.jpg,baseline,dataset_b,1,0,0.9922865629196167,OVERCAST,,,
data/raw/dataset_b/subset/PATCHES/SUNNY/2016-01-13/camera2/S_2016-01-13_09.00_C02_186.jpg,baseline,dataset_b,1,0,0.9922860860824585,SUNNY,,,
data/raw/dataset_b/subset/PATCHES/SUNNY/2016-01-18/camera6/S_2016-01-18_09.40_C06_317.jpg,baseline,dataset_b,0,1,0.9919535517692566,SUNNY,,,
data/raw/dataset_b/subset/PATCHES/OVERCAST/2015-12-03/camera9/O_2015-12-03_09.17_C09_296.jpg,baseline,dataset_b,1,0,0.9918799996376038,OVERCAST,,,
data/raw/dataset_b/subset/PATCHES/SUNNY/2015-12-10/camera9/S_2015-12-10_16.48_C09_327.jpg,baseline,dataset_b,1,0,0.9918253421783447,SUNNY,,,
data/raw/dataset_b/subset/PATCHES/SUNNY/2016-01-15/camera1/S_2016-01-15_07.35_C01_267.jpg,baseline,dataset_b,0,1,0.9916374087333679,SUNNY,,,
data/raw/dataset_b/subset/PATCHES/SUNNY/2015-11-22/camera2/S_2015-11-22_07.14_C02_601.jpg,baseline,dataset_b,0,1,0.9915403723716736,SUNNY,,,
data/raw/dataset_b/subset/PATCHES/RAINY/2015-11-21/camera6/R_2015-11-21_09.47_C06_234.jpg,baseline,dataset_b,0,1,0.9915260672569275,RAINY,,,
data/raw/dataset_b/subset/PATCHES/RAINY/2015-12-22/camera9/R_2015-12-22_07.54_C09_291.jpg,baseline,dataset_b,0,1,0.9914690256118774,RAINY,,,
data/raw/dataset_b/subset/PATCHES/SUNNY/2016-01-12/camera3/S_2016-01-12_13.47_C03_297.jpg,mobilenet,dataset_b,1,0,0.99146568775177,SUNNY,,,
data/raw/dataset_b/subset/PATCHES/OVERCAST/2015-12-03/camera1/O_2015-12-03_07.41_C01_221.jpg,baseline,dataset_b,0,1,0.9914513230323792,OVERCAST,,,
data/raw/dataset_b/subset/PATCHES/RAINY/2015-11-21/camera1/R_2015-11-21_14.10_C01_221.jpg,baseline,dataset_b,0,1,0.9910246133804321,RAINY,,,
data/raw/dataset_b/subset/PATCHES/RAINY/2015-11-21/camera7/R_2015-11-21_07.18_C07_320.jpg,baseline,dataset_b,0,1,0.9908396601676941,RAINY,,,
data/raw/dataset_b/subset/PATCHES/SUNNY/2015-11-22/camera6/S_2015-11-22_11.18_C06_307.jpg,baseline,dataset_b,0,1,0.9906972646713257,SUNNY,,,
data/raw/dataset_b/subset/PATCHES/OVERCAST/2015-11-29/camera8/O_2015-11-29_07.18_C08_283.jpg,baseline,dataset_b,0,1,0.9906429648399353,OVERCAST,,,
data/raw/dataset_b/subset/PATCHES/SUNNY/2016-01-13/camera2/S_2016-01-13_14.30_C02_188.jpg,baseline,dataset_b,1,0,0.9904683232307434,SUNNY,,,
data/raw/dataset_b/subset/PATCHES/RAINY/2016-02-12/camera7/R_2016-02-12_09.55_C07_248.jpg,mobilenet,dataset_b,1,0,0.9903808236122131,RAINY,,,
data/raw/dataset_b/subset/PATCHES/RAINY/2015-12-22/camera3/R_2015-12-22_07.48_C03_187.jpg,baseline,dataset_b,0,1,0.9903767704963684,RAINY,,,
data/raw/dataset_b/subset/PATCHES/SUNNY/2016-01-18/camera7/S_2016-01-18_14.15_C07_207.jpg,baseline,dataset_b,0,1,0.990334689617157,SUNNY,,,
data/raw/dataset_b/subset/PATCHES/SUNNY/2016-01-12/camera5/S_2016-01-12_15.50_C05_271.jpg,baseline,dataset_b,1,0,0.9903146624565125,SUNNY,,,
data/raw/dataset_b/subset/PATCHES/RAINY/2016-02-12/camera5/R_2016-02-12_15.31_C05_304.jpg,mobilenet,dataset_b,1,0,0.9899875521659851,RAINY,,,
data/raw/dataset_b/subset/PATCHES/RAINY/2015-11-21/camera3/R_2015-11-21_11.15_C03_223.jpg,baseline,dataset_b,0,1,0.9896323680877686,RAINY,,,
data/raw/dataset_b/subset/PATCHES/OVERCAST/2015-12-19/camera8/O_2015-12-19_13.36_C08_283.jpg,baseline,dataset_b,0,1,0.9895082712173462,OVERCAST,,,
data/raw/dataset_b/subset/PATCHES/SUNNY/2016-01-16/camera3/S_2016-01-16_10.05_C03_263.jpg,baseline,dataset_b,0,1,0.9891623258590698,SUNNY,,,
data/raw/dataset_b/subset/PATCHES/OVERCAST/2015-11-16/camera1/O_2015-11-16_10.40_C01_190.jpg,mobilenet,dataset_b,1,0,0.9887561202049255,OVERCAST,,,
data/raw/dataset_b/subset/PATCHES/SUNNY/2015-11-27/camera8/S_2015-11-27_08.29_C08_213.jpg,baseline,dataset_b,0,1,0.9886155724525452,SUNNY,,,
data/raw/dataset_b/subset/PATCHES/RAINY/2016-01-09/camera1/R_2016-01-09_11.19_C01_186.jpg,mobilenet,dataset_b,1,0,0.9885537624359131,RAINY,,,
data/raw/dataset_b/subset/PATCHES/SUNNY/2016-01-12/camera7/S_2016-01-12_14.21_C07_211.jpg,baseline,dataset_b,1,0,0.9884781241416931,SUNNY,,,
data/raw/dataset_b/subset/PATCHES/SUNNY/2016-01-12/camera5/S_2016-01-12_12.20_C05_305.jpg,mobilenet,dataset_b,1,0,0.98835688829422,SUNNY,,,
data/raw/dataset_b/subset/PATCHES/SUNNY/2015-11-22/camera6/S_2015-11-22_09.18_C06_202.jpg,baseline,dataset_b,0,1,0.9883502721786499,SUNNY,,,
data/raw/dataset_b/subset/PATCHES/SUNNY/2015-12-17/camera4/S_2015-12-17_15.21_C04_265.jpg,baseline,dataset_b,0,1,0.9877397418022156,SUNNY,,,
data/raw/dataset_b/subset/PATCHES/RAINY/2016-01-09/camera1/R_2016-01-09_14.49_C01_186.jpg,mobilenet,dataset_b,1,0,0.9876394867897034,RAINY,,,
data/raw/dataset_b/subset/PATCHES/SUNNY/2015-11-27/camera1/S_2015-11-27_11.10_C01_192.jpg,mobilenet,dataset_b,1,0,0.9876204133033752,SUNNY,,,
data/raw/dataset_b/subset/PATCHES/SUNNY/2015-11-12/camera5/S_2015-11-12_08.17_C05_311.jpg,baseline,dataset_b,0,1,0.9875842928886414,SUNNY,,,
data/raw/dataset_b/subset/PATCHES/OVERCAST/2015-11-16/camera6/O_2015-11-16_10.17_C06_311.jpg,baseline,dataset_b,1,0,0.9870777130126953,OVERCAST,,,
data/raw/dataset_b/subset/PATCHES/SUNNY/2016-01-12/camera2/S_2016-01-12_14.53_C02_603.jpg,baseline,dataset_b,1,0,0.9868304133415222,SUNNY,,,
data/raw/dataset_b/subset/PATCHES/OVERCAST/2015-12-18/camera3/O_2015-12-18_08.18_C03_191.jpg,baseline,dataset_b,0,1,0.9868065714836121,OVERCAST,,,
data/raw/dataset_b/subset/PATCHES/RAINY/2016-01-14/camera2/R_2016-01-14_08.34_C02_188.jpg,baseline,dataset_b,0,1,0.9866383075714111,RAINY,,,
data/raw/dataset_b/subset/PATCHES/SUNNY/2016-01-12/camera7/S_2016-01-12_11.21_C07_211.jpg,baseline,dataset_b,1,0,0.9866234660148621,SUNNY,,,
data/raw/dataset_b/subset/PATCHES/SUNNY/2016-01-12/camera9/S_2016-01-12_10.26_C09_217.jpg,baseline,dataset_b,1,0,0.9865303635597229,SUNNY,,,
data/raw/dataset_b/subset/PATCHES/SUNNY/2015-12-10/camera8/S_2015-12-10_08.10_C08_244.jpg,baseline,dataset_b,0,1,0.9861831665039062,SUNNY,,,
data/raw/dataset_b/subset/PATCHES/SUNNY/2015-11-27/camera8/S_2015-11-27_15.43_C08_329.jpg,mobilenet,dataset_b,1,0,0.9860551953315735,SUNNY,,,
data/raw/dataset_b/subset/PATCHES/SUNNY/2016-01-15/camera6/S_2016-01-15_14.38_C06_241.jpg,baseline,dataset_b,1,0,0.9858435988426208,SUNNY,,,
data/raw/dataset_b/subset/PATCHES/OVERCAST/2015-11-20/camera1/O_2015-11-20_12.10_C01_193.jpg,mobilenet,dataset_b,1,0,0.9858192205429077,OVERCAST,,,
data/raw/dataset_b/subset/PATCHES/RAINY/2016-02-12/camera8/R_2016-02-12_13.38_C08_285.jpg,baseline,dataset_b,1,0,0.9855034351348877,RAINY,,,
data/raw/dataset_b/subset/PATCHES/OVERCAST/2015-11-29/camera9/O_2015-11-29_10.47_C09_331.jpg,mobilenet,dataset_b,1,0,0.9846981167793274,OVERCAST,,,
data/raw/dataset_b/subset/PATCHES/RAINY/2015-12-22/camera4/R_2015-12-22_15.51_C04_264.jpg,baseline,dataset_b,0,1,0.984434187412262,RAINY,NORMAL,NONE,assistant_visual_review_of_original_crop_contact_sheet
data/raw/dataset_b/subset/PATCHES/OVERCAST/2015-12-19/camera7/O_2015-12-19_09.54_C07_211.jpg,baseline,dataset_b,0,1,0.9839543104171753,OVERCAST,,,
data/raw/dataset_b/subset/PATCHES/RAINY/2015-11-21/camera1/R_2015-11-21_10.40_C01_226.jpg,baseline,dataset_b,0,1,0.9838130474090576,RAINY,,,
data/raw/dataset_b/subset/PATCHES/RAINY/2016-01-14/camera4/R_2016-01-14_16.07_C04_306.jpg,mobilenet,dataset_b,1,0,0.9837671518325806,RAINY,,,
data/raw/dataset_b/subset/PATCHES/SUNNY/2015-12-17/camera9/S_2015-12-17_10.54_C09_327.jpg,mobilenet,dataset_b,1,0,0.9834753274917603,SUNNY,,,
data/raw/dataset_b/subset/PATCHES/SUNNY/2016-01-13/camera1/S_2016-01-13_12.48_C01_221.jpg,mobilenet,dataset_b,1,0,0.9831715226173401,SUNNY,,,
data/raw/dataset_b/subset/PATCHES/SUNNY/2015-12-17/camera9/S_2015-12-17_15.24_C09_295.jpg,baseline,dataset_b,1,0,0.982962965965271,SUNNY,,,
data/raw/dataset_b/subset/PATCHES/SUNNY/2016-01-13/camera5/S_2016-01-13_14.50_C05_274.jpg,mobilenet,dataset_b,1,0,0.982944905757904,SUNNY,,,
data/raw/dataset_b/subset/PATCHES/SUNNY/2016-01-12/camera9/S_2016-01-12_10.56_C09_291.jpg,baseline,dataset_b,1,0,0.9828273057937622,SUNNY,,,
data/raw/dataset_b/subset/PATCHES/SUNNY/2016-01-12/camera6/S_2016-01-12_13.50_C06_278.jpg,baseline,dataset_b,0,1,0.9828258156776428,SUNNY,,,
data/raw/dataset_b/subset/PATCHES/SUNNY/2016-01-12/camera8/S_2016-01-12_12.29_C08_326.jpg,baseline,dataset_b,1,0,0.9826295375823975,SUNNY,,,
data/raw/dataset_b/subset/PATCHES/SUNNY/2016-01-15/camera9/S_2016-01-15_11.10_C09_617.jpg,baseline,dataset_b,1,0,0.9825887680053711,SUNNY,,,
data/raw/dataset_b/subset/PATCHES/OVERCAST/2015-11-25/camera3/O_2015-11-25_09.16_C03_224.jpg,baseline,dataset_b,0,1,0.9822094440460205,OVERCAST,,,
data/raw/dataset_b/subset/PATCHES/RAINY/2015-11-21/camera1/R_2015-11-21_11.40_C01_186.jpg,mobilenet,dataset_b,1,0,0.9821338057518005,RAINY,,,
data/raw/dataset_b/subset/PATCHES/SUNNY/2015-12-17/camera1/S_2015-12-17_13.18_C01_225.jpg,baseline,dataset_b,1,0,0.9820346832275391,SUNNY,,,
data/raw/dataset_b/subset/PATCHES/RAINY/2015-12-22/camera4/R_2015-12-22_14.21_C04_264.jpg,baseline,dataset_b,0,1,0.9820241928100586,RAINY,,,
data/raw/dataset_b/subset/PATCHES/RAINY/2016-01-08/camera1/R_2016-01-08_08.19_C01_225.jpg,baseline,dataset_b,0,1,0.9819546937942505,RAINY,,,
data/raw/dataset_b/subset/PATCHES/RAINY/2015-11-21/camera4/R_2015-11-21_14.46_C04_263.jpg,baseline,dataset_b,0,1,0.9818156361579895,RAINY,,,
data/raw/dataset_b/subset/PATCHES/RAINY/2015-11-21/camera5/R_2015-11-21_07.36_C05_272.jpg,baseline,dataset_b,0,1,0.9816818833351135,RAINY,,,
data/raw/dataset_b/subset/PATCHES/SUNNY/2016-01-16/camera1/S_2016-01-16_17.05_C01_265.jpg,baseline,dataset_b,0,1,0.9814794659614563,SUNNY,,,
data/raw/dataset_b/subset/PATCHES/RAINY/2016-02-12/camera9/R_2016-02-12_10.12_C09_328.jpg,mobilenet,dataset_b,1,0,0.9811944365501404,RAINY,,,
data/raw/dataset_b/subset/PATCHES/SUNNY/2016-01-13/camera1/S_2016-01-13_13.18_C01_229.jpg,mobilenet,dataset_b,1,0,0.9809619784355164,SUNNY,,,
data/raw/dataset_b/subset/PATCHES/SUNNY/2015-12-17/camera2/S_2015-12-17_13.17_C02_185.jpg,mobilenet,dataset_b,1,0,0.9807553887367249,SUNNY,,,
data/raw/dataset_b/subset/PATCHES/SUNNY/2015-11-12/camera1/S_2015-11-12_07.39_C01_229.jpg,baseline,dataset_b,0,1,0.9807274341583252,SUNNY,,,
data/raw/dataset_b/subset/PATCHES/SUNNY/2015-11-22/camera9/S_2015-11-22_10.17_C09_331.jpg,mobilenet,dataset_b,1,0,0.9802258610725403,SUNNY,,,
data/raw/dataset_b/subset/PATCHES/SUNNY/2016-01-13/camera9/S_2016-01-13_11.52_C09_294.jpg,baseline,dataset_b,1,0,0.9797564148902893,SUNNY,,,
data/raw/dataset_b/subset/PATCHES/SUNNY/2016-01-12/camera2/S_2016-01-12_09.53_C02_603.jpg,baseline,dataset_b,1,0,0.9792246222496033,SUNNY,,,
data/raw/dataset_b/subset/PATCHES/SUNNY/2016-01-12/camera6/S_2016-01-12_10.20_C06_234.jpg,baseline,dataset_b,1,0,0.978800356388092,SUNNY,,,
data/raw/dataset_b/subset/PATCHES/SUNNY/2016-01-12/camera2/S_2016-01-12_09.53_C02_602.jpg,baseline,dataset_b,1,0,0.9784244298934937,SUNNY,,,
data/raw/dataset_b/subset/PATCHES/SUNNY/2016-01-12/camera9/S_2016-01-12_14.26_C09_326.jpg,mobilenet,dataset_b,1,0,0.9783343076705933,SUNNY,,,
data/raw/dataset_b/subset/PATCHES/SUNNY/2015-11-12/camera3/S_2015-11-12_07.15_C03_222.jpg,baseline,dataset_b,0,1,0.9782788157463074,SUNNY,,,
data/raw/dataset_b/subset/PATCHES/SUNNY/2016-01-18/camera4/S_2016-01-18_09.38_C04_267.jpg,baseline,dataset_b,0,1,0.978264570236206,SUNNY,,,
data/raw/dataset_b/subset/PATCHES/RAINY/2016-01-08/camera1/R_2016-01-08_09.49_C01_192.jpg,mobilenet,dataset_b,1,0,0.9777376651763916,RAINY,,,
data/raw/dataset_b/subset/PATCHES/SUNNY/2015-12-17/camera7/S_2015-12-17_11.24_C07_286.jpg,baseline,dataset_b,1,0,0.977702796459198,SUNNY,,,
data/raw/dataset_b/subset/PATCHES/SUNNY/2015-11-12/camera9/S_2015-11-12_12.17_C09_219.jpg,baseline,dataset_b,0,1,0.9773038029670715,SUNNY,,,
data/raw/dataset_b/subset/PATCHES/SUNNY/2016-01-15/camera6/S_2016-01-15_09.08_C06_311.jpg,baseline,dataset_b,0,1,0.9768345952033997,SUNNY,,,
data/raw/dataset_b/subset/PATCHES/RAINY/2016-02-12/camera1/R_2016-02-12_07.10_C01_196.jpg,baseline,dataset_b,0,1,0.9766448736190796,RAINY,,,
data/raw/dataset_b/subset/PATCHES/RAINY/2016-01-14/camera2/R_2016-01-14_12.04_C02_185.jpg,mobilenet,dataset_b,1,0,0.9765449166297913,RAINY,,,
data/raw/dataset_b/subset/PATCHES/SUNNY/2015-12-10/camera5/S_2015-12-10_07.25_C05_201.jpg,baseline,dataset_b,0,1,0.9764869809150696,SUNNY,,,
data/raw/dataset_b/subset/PATCHES/SUNNY/2016-01-16/camera6/S_2016-01-16_15.09_C06_240.jpg,baseline,dataset_b,0,1,0.9757142066955566,SUNNY,,,
data/raw/dataset_b/subset/PATCHES/SUNNY/2016-01-12/camera4/S_2016-01-12_12.19_C04_193.jpg,mobilenet,dataset_b,1,0,0.9754415154457092,SUNNY,,,
data/raw/dataset_b/subset/PATCHES/SUNNY/2016-01-15/camera6/S_2016-01-15_17.08_C06_271.jpg,baseline,dataset_b,0,1,0.9753267765045166,SUNNY,,,
data/raw/dataset_b/subset/PATCHES/RAINY/2016-01-08/camera9/R_2016-01-08_10.55_C09_326.jpg,baseline,dataset_b,1,0,0.9751879572868347,RAINY,,,
data/raw/dataset_b/subset/PATCHES/SUNNY/2015-12-10/camera1/S_2015-12-10_13.11_C01_190.jpg,mobilenet,dataset_b,1,0,0.9751611351966858,SUNNY,,,
data/raw/dataset_b/subset/PATCHES/SUNNY/2016-01-12/camera9/S_2016-01-12_16.56_C09_292.jpg,baseline,dataset_b,0,1,0.9751191735267639,SUNNY,,,
data/raw/dataset_b/subset/PATCHES/SUNNY/2016-01-18/camera1/S_2016-01-18_15.35_C01_189.jpg,baseline,dataset_b,1,0,0.9750485420227051,SUNNY,,,
data/raw/dataset_b/subset/PATCHES/RAINY/2016-01-14/camera1/R_2016-01-14_09.05_C01_229.jpg,baseline,dataset_b,0,1,0.9749847650527954,RAINY,,,
data/raw/dataset_b/subset/PATCHES/SUNNY/2016-01-13/camera1/S_2016-01-13_10.48_C01_267.jpg,mobilenet,dataset_b,1,0,0.9745468497276306,SUNNY,,,
data/raw/dataset_b/subset/PATCHES/OVERCAST/2015-12-18/camera9/O_2015-12-18_10.24_C09_327.jpg,baseline,dataset_b,1,0,0.9744686484336853,OVERCAST,,,
data/raw/dataset_b/subset/PATCHES/SUNNY/2015-11-22/camera8/S_2015-11-22_11.07_C08_320.jpg,baseline,dataset_b,0,1,0.9740200042724609,SUNNY,,,
data/raw/dataset_b/subset/PATCHES/SUNNY/2016-01-12/camera3/S_2016-01-12_07.47_C03_192.jpg,baseline,dataset_b,0,1,0.9738711714744568,SUNNY,,,
data/raw/dataset_b/subset/PATCHES/RAINY/2016-01-09/camera6/R_2016-01-09_14.53_C06_241.jpg,baseline,dataset_b,0,1,0.9736171960830688,RAINY,,,
data/raw/dataset_b/subset/PATCHES/SUNNY/2015-12-10/camera7/S_2015-12-10_07.51_C07_275.jpg,baseline,dataset_b,0,1,0.9736045598983765,SUNNY,,,
data/raw/dataset_b/subset/PATCHES/SUNNY/2016-01-15/camera1/S_2016-01-15_12.05_C01_196.jpg,mobilenet,dataset_b,1,0,0.9731703996658325,SUNNY,,,
data/raw/dataset_b/subset/PATCHES/SUNNY/2016-01-15/camera1/S_2016-01-15_07.35_C01_221.jpg,mobilenet,dataset_b,1,0,0.9728878736495972,SUNNY,,,
data/raw/dataset_b/subset/PATCHES/SUNNY/2016-01-18/camera3/S_2016-01-18_10.05_C03_297.jpg,mobilenet,dataset_b,1,0,0.9726391434669495,SUNNY,,,
data/raw/dataset_b/subset/PATCHES/SUNNY/2016-01-18/camera7/S_2016-01-18_09.15_C07_310.jpg,baseline,dataset_b,0,1,0.9726381301879883,SUNNY,,,
data/raw/dataset_b/subset/PATCHES/SUNNY/2015-12-10/camera1/S_2015-12-10_12.11_C01_263.jpg,mobilenet,dataset_b,1,0,0.9721866846084595,SUNNY,,,
data/raw/dataset_b/subset/PATCHES/SUNNY/2016-01-18/camera1/S_2016-01-18_15.35_C01_189.jpg,mobilenet,dataset_b,1,0,0.9716965556144714,SUNNY,,,
data/raw/dataset_b/subset/PATCHES/SUNNY/2015-11-12/camera9/S_2015-11-12_14.17_C09_327.jpg,mobilenet,dataset_b,1,0,0.9714415073394775,SUNNY,,,
data/raw/dataset_b/subset/PATCHES/OVERCAST/2015-11-20/camera8/O_2015-11-20_09.09_C08_327.jpg,baseline,dataset_b,0,1,0.9710230827331543,OVERCAST,,,
data/raw/dataset_b/subset/PATCHES/OVERCAST/2015-11-25/camera1/O_2015-11-25_16.10_C01_195.jpg,mobilenet,dataset_b,1,0,0.9706950783729553,OVERCAST,,,
data/raw/dataset_b/subset/PATCHES/OVERCAST/2015-12-19/camera9/O_2015-12-19_14.24_C09_256.jpg,baseline,dataset_b,1,0,0.9705148339271545,OVERCAST,,,
data/raw/dataset_b/subset/PATCHES/OVERCAST/2015-11-25/camera8/O_2015-11-25_10.00_C08_322.jpg,baseline,dataset_b,0,1,0.9693063497543335,OVERCAST,,,
data/raw/dataset_b/subset/PATCHES/SUNNY/2016-01-13/camera3/S_2016-01-13_09.48_C03_297.jpg,mobilenet,dataset_b,1,0,0.9691108465194702,SUNNY,,,
data/raw/dataset_b/subset/PATCHES/SUNNY/2016-01-16/camera3/S_2016-01-16_15.35_C03_191.jpg,mobilenet,dataset_b,1,0,0.9689322113990784,SUNNY,,,
data/raw/dataset_b/subset/PATCHES/RAINY/2016-01-14/camera6/R_2016-01-14_08.08_C06_277.jpg,baseline,dataset_b,0,1,0.9686114192008972,RAINY,,,
data/raw/dataset_b/subset/PATCHES/SUNNY/2016-01-13/camera2/S_2016-01-13_15.30_C02_188.jpg,mobilenet,dataset_b,1,0,0.9686020612716675,SUNNY,,,
data/raw/dataset_b/subset/PATCHES/SUNNY/2015-12-17/camera5/S_2015-12-17_15.26_C05_198.jpg,baseline,dataset_b,1,0,0.968535304069519,SUNNY,,,
data/raw/dataset_b/subset/PATCHES/SUNNY/2015-11-22/camera9/S_2015-11-22_10.47_C09_331.jpg,mobilenet,dataset_b,1,0,0.9673649668693542,SUNNY,,,
data/raw/dataset_b/subset/PATCHES/OVERCAST/2015-11-16/camera7/O_2015-11-16_08.17_C07_275.jpg,baseline,dataset_b,0,1,0.9672446250915527,OVERCAST,,,
data/raw/dataset_b/subset/PATCHES/SUNNY/2015-11-12/camera8/S_2015-11-12_11.22_C08_320.jpg,mobilenet,dataset_b,1,0,0.9670261144638062,SUNNY,,,
data/raw/dataset_b/subset/PATCHES/OVERCAST/2015-12-03/camera7/O_2015-12-03_07.20_C07_321.jpg,baseline,dataset_b,0,1,0.9669829607009888,OVERCAST,,,
data/raw/dataset_b/subset/PATCHES/RAINY/2016-02-12/camera6/R_2016-02-12_07.54_C06_234.jpg,baseline,dataset_b,0,1,0.9668574333190918,RAINY,,,
data/raw/dataset_b/subset/PATCHES/SUNNY/2016-01-13/camera3/S_2016-01-13_12.48_C03_191.jpg,mobilenet,dataset_b,1,0,0.9668374061584473,SUNNY,,,
data/raw/dataset_b/subset/PATCHES/SUNNY/2015-11-27/camera6/S_2015-11-27_09.18_C06_309.jpg,baseline,dataset_b,0,1,0.9665073156356812,SUNNY,,,
data/raw/dataset_b/subset/PATCHES/OVERCAST/2015-12-03/camera9/O_2015-12-03_11.17_C09_327.jpg,mobilenet,dataset_b,1,0,0.9660117030143738,OVERCAST,,,
data/raw/dataset_b/subset/PATCHES/SUNNY/2016-01-18/camera1/S_2016-01-18_11.35_C01_192.jpg,mobilenet,dataset_b,1,0,0.9658181667327881,SUNNY,,,
data/raw/dataset_b/subset/PATCHES/SUNNY/2016-01-18/camera3/S_2016-01-18_07.35_C03_193.jpg,baseline,dataset_b,0,1,0.965626060962677,SUNNY,,,
data/raw/dataset_b/subset/PATCHES/OVERCAST/2015-12-03/camera2/O_2015-12-03_10.44_C02_188.jpg,baseline,dataset_b,1,0,0.9653672575950623,OVERCAST,,,
data/raw/dataset_b/subset/PATCHES/SUNNY/2015-11-12/camera6/S_2015-11-12_16.46_C06_308.jpg,baseline,dataset_b,0,1,0.9650201797485352,SUNNY,,,
data/raw/dataset_b/subset/PATCHES/SUNNY/2016-01-18/camera6/S_2016-01-18_09.10_C06_316.jpg,baseline,dataset_b,0,1,0.9650040864944458,SUNNY,,,
data/raw/dataset_b/subset/PATCHES/SUNNY/2015-11-12/camera1/S_2015-11-12_08.39_C01_194.jpg,baseline,dataset_b,0,1,0.9634193778038025,SUNNY,,,
data/raw/dataset_b/subset/PATCHES/SUNNY/2016-01-12/camera7/S_2016-01-12_07.51_C07_241.jpg,baseline,dataset_b,0,1,0.9628981351852417,SUNNY,,,
data/raw/dataset_b/subset/PATCHES/SUNNY/2015-12-17/camera1/S_2015-12-17_15.48_C01_195.jpg,mobilenet,dataset_b,1,0,0.9626664519309998,SUNNY,,,
data/raw/dataset_b/subset/PATCHES/RAINY/2015-12-22/camera6/R_2015-12-22_08.22_C06_280.jpg,baseline,dataset_b,0,1,0.9625364542007446,RAINY,,,
data/raw/dataset_b/subset/PATCHES/RAINY/2016-02-12/camera7/R_2016-02-12_10.25_C07_209.jpg,baseline,dataset_b,1,0,0.9625164270401001,RAINY,,,
data/raw/dataset_b/subset/PATCHES/SUNNY/2016-01-13/camera8/S_2016-01-13_14.34_C08_321.jpg,baseline,dataset_b,1,0,0.9624685049057007,SUNNY,,,
data/raw/dataset_b/subset/PATCHES/RAINY/2015-11-21/camera6/R_2015-11-21_11.47_C06_202.jpg,baseline,dataset_b,0,1,0.9622260928153992,RAINY,,,
data/raw/dataset_b/subset/PATCHES/RAINY/2016-01-09/camera7/R_2016-01-09_16.58_C07_285.jpg,mobilenet,dataset_b,1,0,0.9610933065414429,RAINY,,,
data/raw/dataset_b/subset/PATCHES/OVERCAST/2015-11-20/camera3/O_2015-11-20_07.45_C03_221.jpg,baseline,dataset_b,0,1,0.9610001444816589,OVERCAST,,,
data/raw/dataset_b/subset/PATCHES/OVERCAST/2015-12-19/camera9/O_2015-12-19_10.54_C09_259.jpg,baseline,dataset_b,0,1,0.960940957069397,OVERCAST,,,
data/raw/dataset_b/subset/PATCHES/OVERCAST/2015-11-16/camera1/O_2015-11-16_14.10_C01_185.jpg,baseline,dataset_b,0,1,0.960053563117981,OVERCAST,,,
data/raw/dataset_b/subset/PATCHES/OVERCAST/2015-11-25/camera2/O_2015-11-25_10.44_C02_187.jpg,baseline,dataset_b,1,0,0.9595365524291992,OVERCAST,,,
data/raw/dataset_b/subset/PATCHES/OVERCAST/2015-11-25/camera3/O_2015-11-25_07.46_C03_188.jpg,baseline,dataset_b,0,1,0.9591543078422546,OVERCAST,,,
data/raw/dataset_b/subset/PATCHES/OVERCAST/2015-12-03/camera1/O_2015-12-03_08.11_C01_226.jpg,baseline,dataset_b,0,1,0.9589803814888,OVERCAST,,,
data/raw/dataset_b/subset/PATCHES/OVERCAST/2015-11-16/camera2/O_2015-11-16_09.14_C02_185.jpg,baseline,dataset_b,0,1,0.958827555179596,OVERCAST,,,
data/raw/dataset_b/subset/PATCHES/SUNNY/2015-12-10/camera7/S_2015-12-10_07.51_C07_241.jpg,baseline,dataset_b,0,1,0.958408534526825,SUNNY,,,
data/raw/dataset_b/subset/PATCHES/SUNNY/2016-01-12/camera9/S_2016-01-12_12.26_C09_329.jpg,baseline,dataset_b,1,0,0.958249568939209,SUNNY,,,
data/raw/dataset_b/subset/PATCHES/SUNNY/2016-01-15/camera7/S_2016-01-15_15.41_C07_310.jpg,baseline,dataset_b,0,1,0.9579946994781494,SUNNY,,,
data/raw/dataset_b/subset/PATCHES/SUNNY/2016-01-18/camera7/S_2016-01-18_11.15_C07_207.jpg,baseline,dataset_b,0,1,0.9577897191047668,SUNNY,,,
data/raw/dataset_b/subset/PATCHES/RAINY/2016-02-12/camera2/R_2016-02-12_16.05_C02_221.jpg,baseline,dataset_b,0,1,0.9566887021064758,RAINY,,,
data/raw/dataset_b/subset/PATCHES/OVERCAST/2015-11-16/camera9/O_2015-11-16_15.17_C09_291.jpg,baseline,dataset_b,1,0,0.9566457867622375,OVERCAST,,,
data/raw/dataset_b/subset/PATCHES/OVERCAST/2015-11-29/camera8/O_2015-11-29_11.49_C08_288.jpg,baseline,dataset_b,1,0,0.955622673034668,OVERCAST,,,
data/raw/dataset_b/subset/PATCHES/OVERCAST/2015-11-20/camera3/O_2015-11-20_08.15_C03_224.jpg,baseline,dataset_b,0,1,0.955620527267456,OVERCAST,,,
data/raw/dataset_b/subset/PATCHES/SUNNY/2015-12-10/camera9/S_2015-12-10_11.48_C09_327.jpg,mobilenet,dataset_b,1,0,0.955274224281311,SUNNY,,,
data/raw/dataset_b/subset/PATCHES/SUNNY/2016-01-16/camera1/S_2016-01-16_17.05_C01_186.jpg,mobilenet,dataset_b,1,0,0.9548601508140564,SUNNY,,,
data/raw/dataset_b/subset/PATCHES/SUNNY/2015-11-12/camera3/S_2015-11-12_08.15_C03_192.jpg,baseline,dataset_b,0,1,0.9543236494064331,SUNNY,,,
data/raw/dataset_b/subset/PATCHES/SUNNY/2016-01-18/camera1/S_2016-01-18_07.35_C01_196.jpg,baseline,dataset_b,0,1,0.9533975124359131,SUNNY,,,
data/raw/dataset_b/subset/PATCHES/SUNNY/2016-01-13/camera8/S_2016-01-13_15.35_C08_314.jpg,baseline,dataset_b,0,1,0.95330411195755,SUNNY,,,
data/raw/dataset_b/subset/PATCHES/SUNNY/2016-01-13/camera4/S_2016-01-13_16.20_C04_301.jpg,mobilenet,dataset_b,1,0,0.9530444741249084,SUNNY,,,
data/raw/dataset_b/subset/PATCHES/SUNNY/2016-01-12/camera2/S_2016-01-12_14.23_C02_603.jpg,baseline,dataset_b,1,0,0.9527941942214966,SUNNY,,,
data/raw/dataset_b/subset/PATCHES/SUNNY/2016-01-13/camera7/S_2016-01-13_09.22_C07_238.jpg,baseline,dataset_b,0,1,0.9525800943374634,SUNNY,,,
data/raw/dataset_b/subset/PATCHES/RAINY/2016-02-12/camera2/R_2016-02-12_09.35_C02_185.jpg,mobilenet,dataset_b,1,0,0.9522007703781128,RAINY,,,
data/raw/dataset_b/subset/PATCHES/OVERCAST/2015-11-16/camera1/O_2015-11-16_14.10_C01_193.jpg,mobilenet,dataset_b,1,0,0.9516132473945618,OVERCAST,,,
data/raw/dataset_b/subset/PATCHES/OVERCAST/2015-12-03/camera1/O_2015-12-03_09.11_C01_266.jpg,baseline,dataset_b,0,1,0.9513856768608093,OVERCAST,,,
data/raw/dataset_b/subset/PATCHES/OVERCAST/2015-12-18/camera1/O_2015-12-18_11.48_C01_191.jpg,mobilenet,dataset_b,1,0,0.9510574340820312,OVERCAST,,,
data/raw/dataset_b/subset/PATCHES/SUNNY/2016-01-12/camera5/S_2016-01-12_16.20_C05_306.jpg,mobilenet,dataset_b,1,0,0.9509469270706177,SUNNY,,,
data/raw/dataset_b/subset/PATCHES/RAINY/2016-02-12/camera6/R_2016-02-12_11.54_C06_279.jpg,baseline,dataset_b,1,0,0.9508109092712402,RAINY,,,
data/raw/dataset_b/subset/PATCHES/RAINY/2016-01-08/camera1/R_2016-01-08_14.49_C01_190.jpg,mobilenet,dataset_b,1,0,0.9494483470916748,RAINY,,,
data/raw/dataset_b/subset/PATCHES/SUNNY/2015-11-27/camera1/S_2015-11-27_14.10_C01_189.jpg,mobilenet,dataset_b,1,0,0.9490228891372681,SUNNY,,,
data/raw/dataset_b/subset/PATCHES/OVERCAST/2015-11-29/camera9/O_2015-11-29_10.47_C09_331.jpg,baseline,dataset_b,1,0,0.9487436413764954,OVERCAST,,,
data/raw/dataset_b/subset/PATCHES/SUNNY/2016-01-15/camera1/S_2016-01-15_08.35_C01_192.jpg,baseline,dataset_b,0,1,0.948326587677002,SUNNY,,,
data/raw/dataset_b/subset/PATCHES/RAINY/2015-12-22/camera1/R_2015-12-22_07.48_C01_266.jpg,baseline,dataset_b,0,1,0.94769686460495,RAINY,,,
data/raw/dataset_b/subset/PATCHES/SUNNY/2016-01-18/camera3/S_2016-01-18_08.05_C03_606.jpg,baseline,dataset_b,0,1,0.9475995302200317,SUNNY,,,
data/raw/dataset_b/subset/PATCHES/OVERCAST/2015-12-18/camera1/O_2015-12-18_10.18_C01_195.jpg,mobilenet,dataset_b,1,0,0.9471927285194397,OVERCAST,,,
data/raw/dataset_b/subset/PATCHES/RAINY/2015-12-22/camera5/R_2015-12-22_12.53_C05_305.jpg,mobilenet,dataset_b,1,0,0.9455306529998779,RAINY,,,
data/raw/dataset_b/subset/PATCHES/RAINY/2015-11-21/camera9/R_2015-11-21_15.47_C09_292.jpg,baseline,dataset_b,0,1,0.9453481435775757,RAINY,,,
data/raw/dataset_b/subset/PATCHES/OVERCAST/2015-12-18/camera1/O_2015-12-18_09.48_C01_189.jpg,mobilenet,dataset_b,1,0,0.9442383646965027,OVERCAST,,,
data/raw/dataset_b/subset/PATCHES/SUNNY/2015-12-10/camera9/S_2015-12-10_16.48_C09_327.jpg,mobilenet,dataset_b,1,0,0.9435515403747559,SUNNY,,,
data/raw/dataset_b/subset/PATCHES/SUNNY/2016-01-13/camera2/S_2016-01-13_10.00_C02_186.jpg,mobilenet,dataset_b,1,0,0.9435279369354248,SUNNY,,,
data/raw/dataset_b/subset/PATCHES/SUNNY/2016-01-15/camera8/S_2016-01-15_11.00_C08_214.jpg,baseline,dataset_b,1,0,0.9428561329841614,SUNNY,,,
data/raw/dataset_b/subset/PATCHES/SUNNY/2016-01-12/camera3/S_2016-01-12_15.47_C03_193.jpg,baseline,dataset_b,1,0,0.9428348541259766,SUNNY,,,
data/raw/dataset_b/subset/PATCHES/SUNNY/2016-01-12/camera2/S_2016-01-12_15.23_C02_603.jpg,baseline,dataset_b,1,0,0.9420612454414368,SUNNY,,,
data/raw/dataset_b/subset/PATCHES/SUNNY/2016-01-12/camera5/S_2016-01-12_08.50_C05_273.jpg,baseline,dataset_b,0,1,0.9411411881446838,SUNNY,,,
data/raw/dataset_b/subset/PATCHES/RAINY/2016-01-09/camera1/R_2016-01-09_15.19_C01_186.jpg,mobilenet,dataset_b,1,0,0.9410645365715027,RAINY,,,
data/raw/dataset_b/subset/PATCHES/SUNNY/2015-12-10/camera1/S_2015-12-10_08.41_C01_189.jpg,baseline,dataset_b,0,1,0.9410306811332703,SUNNY,,,
data/raw/dataset_b/subset/PATCHES/SUNNY/2016-01-16/camera3/S_2016-01-16_14.05_C03_191.jpg,mobilenet,dataset_b,1,0,0.9406338930130005,SUNNY,,,
data/raw/dataset_b/subset/PATCHES/SUNNY/2015-11-12/camera2/S_2015-11-12_11.14_C02_185.jpg,baseline,dataset_b,0,1,0.940579354763031,SUNNY,,,
data/raw/dataset_b/subset/PATCHES/OVERCAST/2015-11-29/camera6/O_2015-11-29_09.48_C06_275.jpg,baseline,dataset_b,0,1,0.940485417842865,OVERCAST,,,
data/raw/dataset_b/subset/PATCHES/SUNNY/2016-01-16/camera1/S_2016-01-16_16.05_C01_187.jpg,baseline,dataset_b,0,1,0.9402400255203247,SUNNY,,,
data/raw/dataset_b/subset/PATCHES/SUNNY/2016-01-12/camera7/S_2016-01-12_15.51_C07_285.jpg,baseline,dataset_b,1,0,0.9402281045913696,SUNNY,,,
data/raw/dataset_b/subset/PATCHES/SUNNY/2015-12-17/camera1/S_2015-12-17_15.48_C01_264.jpg,mobilenet,dataset_b,0,1,0.9398475885391235,SUNNY,,,
data/raw/dataset_b/subset/PATCHES/SUNNY/2015-11-22/camera9/S_2015-11-22_14.17_C09_331.jpg,mobilenet,dataset_b,1,0,0.9394319653511047,SUNNY,,,
data/raw/dataset_b/subset/PATCHES/RAINY/2016-02-12/camera5/R_2016-02-12_13.00_C05_609.jpg,baseline,dataset_b,0,1,0.9392122626304626,RAINY,,,
data/raw/dataset_b/subset/PATCHES/SUNNY/2015-12-17/camera6/S_2015-12-17_08.51_C06_234.jpg,baseline,dataset_b,0,1,0.9373098015785217,SUNNY,,,
data/raw/dataset_b/subset/PATCHES/SUNNY/2015-12-10/camera4/S_2015-12-10_15.18_C04_304.jpg,mobilenet,dataset_b,1,0,0.9373014569282532,SUNNY,,,
data/raw/dataset_b/subset/PATCHES/SUNNY/2016-01-12/camera8/S_2016-01-12_08.58_C08_320.jpg,baseline,dataset_b,0,1,0.9370266199111938,SUNNY,,,
data/raw/dataset_b/subset/PATCHES/OVERCAST/2015-12-19/camera1/O_2015-12-19_11.48_C01_186.jpg,mobilenet,dataset_b,1,0,0.9368233680725098,OVERCAST,,,
data/raw/dataset_b/subset/PATCHES/SUNNY/2015-12-17/camera6/S_2015-12-17_08.51_C06_232.jpg,baseline,dataset_b,0,1,0.9367536306381226,SUNNY,,,
data/raw/dataset_b/subset/PATCHES/SUNNY/2016-01-15/camera1/S_2016-01-15_12.05_C01_196.jpg,baseline,dataset_b,1,0,0.9365416169166565,SUNNY,,,
data/raw/dataset_b/subset/PATCHES/SUNNY/2015-12-10/camera3/S_2015-12-10_14.16_C03_188.jpg,mobilenet,dataset_b,1,0,0.9361215829849243,SUNNY,,,
data/raw/dataset_b/subset/PATCHES/RAINY/2016-01-08/camera6/R_2016-01-08_16.53_C06_317.jpg,baseline,dataset_b,0,1,0.9358066320419312,RAINY,,,
data/raw/dataset_b/subset/PATCHES/SUNNY/2015-11-27/camera8/S_2015-11-27_11.34_C08_329.jpg,baseline,dataset_b,1,0,0.9356701970100403,SUNNY,,,
data/raw/dataset_b/subset/PATCHES/OVERCAST/2015-11-25/camera9/O_2015-11-25_11.17_C09_325.jpg,baseline,dataset_b,1,0,0.934907078742981,OVERCAST,,,
data/raw/dataset_b/subset/PATCHES/OVERCAST/2015-12-19/camera9/O_2015-12-19_14.54_C09_256.jpg,baseline,dataset_b,1,0,0.9347259998321533,OVERCAST,,,
data/raw/dataset_b/subset/PATCHES/SUNNY/2016-01-13/camera7/S_2016-01-13_11.22_C07_247.jpg,baseline,dataset_b,1,0,0.9345988631248474,SUNNY,,,
data/raw/dataset_b/subset/PATCHES/SUNNY/2016-01-12/camera1/S_2016-01-12_11.17_C01_263.jpg,baseline,dataset_b,1,0,0.9334998726844788,SUNNY,,,
data/raw/dataset_b/subset/PATCHES/OVERCAST/2015-12-03/camera7/O_2015-12-03_07.50_C07_286.jpg,baseline,dataset_b,0,1,0.9322664141654968,OVERCAST,,,
data/raw/dataset_b/subset/PATCHES/OVERCAST/2015-12-18/camera1/O_2015-12-18_15.48_C01_191.jpg,baseline,dataset_b,0,1,0.9322164058685303,OVERCAST,,,
data/raw/dataset_b/subset/PATCHES/OVERCAST/2015-12-19/camera1/O_2015-12-19_09.18_C01_186.jpg,mobilenet,dataset_b,1,0,0.9318754076957703,OVERCAST,,,
data/raw/dataset_b/subset/PATCHES/SUNNY/2015-12-10/camera4/S_2015-12-10_09.18_C04_299.jpg,baseline,dataset_b,0,1,0.9314789772033691,SUNNY,,,
data/raw/dataset_b/subset/PATCHES/SUNNY/2015-11-22/camera9/S_2015-11-22_09.47_C09_331.jpg,baseline,dataset_b,1,0,0.9299274682998657,SUNNY,,,
data/raw/dataset_b/subset/PATCHES/OVERCAST/2015-12-18/camera3/O_2015-12-18_10.18_C03_191.jpg,mobilenet,dataset_b,1,0,0.9284587502479553,OVERCAST,,,
data/raw/dataset_b/subset/PATCHES/SUNNY/2016-01-15/camera9/S_2016-01-15_14.40_C09_292.jpg,mobilenet,dataset_b,0,1,0.9279872179031372,SUNNY,,,
data/raw/dataset_b/subset/PATCHES/SUNNY/2016-01-12/camera8/S_2016-01-12_08.58_C08_213.jpg,baseline,dataset_b,0,1,0.9276082515716553,SUNNY,,,
data/raw/dataset_b/subset/PATCHES/SUNNY/2016-01-16/camera9/S_2016-01-16_12.10_C09_254.jpg,baseline,dataset_b,1,0,0.9269813299179077,SUNNY,,,
data/raw/dataset_b/subset/PATCHES/SUNNY/2015-11-22/camera7/S_2015-11-22_10.19_C07_310.jpg,baseline,dataset_b,0,1,0.9265197515487671,SUNNY,,,
data/raw/dataset_b/subset/PATCHES/OVERCAST/2015-11-16/camera5/O_2015-11-16_09.18_C05_308.jpg,baseline,dataset_b,0,1,0.9251840710639954,OVERCAST,,,
data/raw/dataset_b/subset/PATCHES/SUNNY/2016-01-12/camera7/S_2016-01-12_14.21_C07_211.jpg,mobilenet,dataset_b,1,0,0.9247186183929443,SUNNY,,,
data/raw/dataset_b/subset/PATCHES/OVERCAST/2015-11-16/camera3/O_2015-11-16_10.15_C03_188.jpg,mobilenet,dataset_b,1,0,0.9242697954177856,OVERCAST,,,
data/raw/dataset_b/subset/PATCHES/SUNNY/2015-11-12/camera4/S_2015-11-12_10.46_C04_303.jpg,mobilenet,dataset_b,1,0,0.9226735830307007,SUNNY,,,
data/raw/dataset_b/subset/PATCHES/OVERCAST/2015-11-25/camera1/O_2015-11-25_14.10_C01_189.jpg,mobilenet,dataset_b,1,0,0.9225687980651855,OVERCAST,,,
data/raw/dataset_b/subset/PATCHES/RAINY/2016-01-14/camera6/R_2016-01-14_14.38_C06_201.jpg,mobilenet,dataset_b,1,0,0.9224839806556702,RAINY,,,
data/raw/dataset_b/subset/PATCHES/RAINY/2016-02-12/camera5/R_2016-02-12_14.01_C05_305.jpg,baseline,dataset_b,1,0,0.9224314093589783,RAINY,,,
data/raw/dataset_b/subset/PATCHES/OVERCAST/2015-11-25/camera6/O_2015-11-25_07.48_C06_202.jpg,baseline,dataset_b,0,1,0.9204714298248291,OVERCAST,,,
data/raw/dataset_b/subset/PATCHES/SUNNY/2015-12-10/camera8/S_2015-12-10_09.41_C08_286.jpg,baseline,dataset_b,0,1,0.9192253351211548,SUNNY,,,
data/raw/dataset_b/subset/PATCHES/SUNNY/2015-12-17/camera2/S_2015-12-17_14.17_C02_186.jpg,baseline,dataset_b,1,0,0.9185178875923157,SUNNY,,,
data/raw/dataset_b/subset/PATCHES/SUNNY/2016-01-18/camera3/S_2016-01-18_09.05_C03_225.jpg,baseline,dataset_b,0,1,0.9184558391571045,SUNNY,,,
data/raw/dataset_b/subset/PATCHES/RAINY/2015-11-21/camera9/R_2015-11-21_12.17_C09_218.jpg,baseline,dataset_b,0,1,0.9181341528892517,RAINY,,,
data/raw/dataset_b/subset/PATCHES/OVERCAST/2015-12-03/camera3/O_2015-12-03_08.16_C03_188.jpg,baseline,dataset_b,0,1,0.9180144667625427,OVERCAST,,,
data/raw/dataset_b/subset/PATCHES/OVERCAST/2015-11-29/camera8/O_2015-11-29_10.19_C08_283.jpg,baseline,dataset_b,0,1,0.9175555109977722,OVERCAST,,,
data/raw/dataset_b/subset/PATCHES/SUNNY/2016-01-12/camera1/S_2016-01-12_10.17_C01_195.jpg,mobilenet,dataset_b,1,0,0.9173922538757324,SUNNY,,,
data/raw/dataset_b/subset/PATCHES/SUNNY/2016-01-13/camera1/S_2016-01-13_12.48_C01_263.jpg,mobilenet,dataset_b,1,0,0.9170486330986023,SUNNY,,,
data/raw/dataset_b/subset/PATCHES/SUNNY/2016-01-12/camera7/S_2016-01-12_10.21_C07_283.jpg,baseline,dataset_b,1,0,0.9170337915420532,SUNNY,,,
data/raw/dataset_b/subset/PATCHES/SUNNY/2016-01-13/camera3/S_2016-01-13_12.48_C03_191.jpg,baseline,dataset_b,1,0,0.9166465997695923,SUNNY,,,
data/raw/dataset_b/subset/PATCHES/SUNNY/2016-01-15/camera3/S_2016-01-15_09.05_C03_187.jpg,baseline,dataset_b,0,1,0.9150075316429138,SUNNY,,,
data/raw/dataset_b/subset/PATCHES/OVERCAST/2015-12-18/camera6/O_2015-12-18_14.22_C06_311.jpg,baseline,dataset_b,0,1,0.9147311449050903,OVERCAST,,,
data/raw/dataset_b/subset/PATCHES/SUNNY/2015-11-12/camera9/S_2015-11-12_12.47_C09_327.jpg,baseline,dataset_b,1,0,0.9145090579986572,SUNNY,,,
data/raw/dataset_b/subset/PATCHES/SUNNY/2016-01-16/camera3/S_2016-01-16_10.35_C03_191.jpg,mobilenet,dataset_b,1,0,0.9144758582115173,SUNNY,,,
data/raw/dataset_b/subset/PATCHES/SUNNY/2015-12-17/camera2/S_2015-12-17_15.47_C02_187.jpg,baseline,dataset_b,1,0,0.9139977097511292,SUNNY,NORMAL,NONE,assistant_visual_review_of_original_crop_contact_sheet
data/raw/dataset_b/subset/PATCHES/SUNNY/2016-01-12/camera4/S_2016-01-12_13.49_C04_231.jpg,mobilenet,dataset_b,1,0,0.9121332764625549,SUNNY,,,
data/raw/dataset_b/subset/PATCHES/SUNNY/2016-01-12/camera2/S_2016-01-12_09.53_C02_602.jpg,mobilenet,dataset_b,1,0,0.9113134145736694,SUNNY,,,
data/raw/dataset_b/subset/PATCHES/SUNNY/2015-11-12/camera5/S_2015-11-12_08.47_C05_228.jpg,mobilenet,dataset_b,0,1,0.90973961353302,SUNNY,,,
data/raw/dataset_b/subset/PATCHES/SUNNY/2015-12-17/camera2/S_2015-12-17_15.17_C02_185.jpg,mobilenet,dataset_b,1,0,0.9090932607650757,SUNNY,,,
data/raw/dataset_b/subset/PATCHES/RAINY/2016-02-12/camera6/R_2016-02-12_12.24_C06_307.jpg,mobilenet,dataset_b,1,0,0.9073367118835449,RAINY,,,
data/raw/dataset_b/subset/PATCHES/RAINY/2016-02-12/camera7/R_2016-02-12_11.25_C07_319.jpg,baseline,dataset_b,1,0,0.9072731137275696,RAINY,,,
data/raw/dataset_b/subset/PATCHES/SUNNY/2015-12-10/camera4/S_2015-12-10_14.48_C04_193.jpg,baseline,dataset_b,1,0,0.9069762825965881,SUNNY,,,
data/raw/dataset_b/subset/PATCHES/OVERCAST/2015-11-29/camera9/O_2015-11-29_10.47_C09_220.jpg,baseline,dataset_b,0,1,0.9066948294639587,OVERCAST,,,
data/raw/dataset_b/subset/PATCHES/SUNNY/2015-12-10/camera1/S_2015-12-10_07.41_C01_187.jpg,baseline,dataset_b,0,1,0.9063359498977661,SUNNY,,,
data/raw/dataset_b/subset/PATCHES/RAINY/2016-01-14/camera7/R_2016-01-14_17.10_C07_248.jpg,mobilenet,dataset_b,1,0,0.9062010645866394,RAINY,,,
data/raw/dataset_b/subset/PATCHES/OVERCAST/2015-11-16/camera1/O_2015-11-16_09.10_C01_264.jpg,mobilenet,dataset_b,0,1,0.9061281085014343,OVERCAST,,,
data/raw/dataset_b/subset/PATCHES/SUNNY/2015-11-12/camera2/S_2015-11-12_07.14_C02_603.jpg,baseline,dataset_b,0,1,0.9058356881141663,SUNNY,,,
data/raw/dataset_b/subset/PATCHES/RAINY/2016-01-14/camera2/R_2016-01-14_08.34_C02_187.jpg,baseline,dataset_b,0,1,0.9054763317108154,RAINY,,,
data/raw/dataset_b/subset/PATCHES/RAINY/2016-01-14/camera6/R_2016-01-14_12.38_C06_241.jpg,baseline,dataset_b,1,0,0.9041557908058167,RAINY,,,
data/raw/dataset_b/subset/PATCHES/SUNNY/2015-11-22/camera9/S_2015-11-22_10.17_C09_331.jpg,baseline,dataset_b,1,0,0.9035190343856812,SUNNY,,,
data/raw/dataset_b/subset/PATCHES/RAINY/2016-01-14/camera3/R_2016-01-14_14.35_C03_605.jpg,baseline,dataset_b,1,0,0.9024032354354858,RAINY,,,
data/raw/dataset_b/subset/PATCHES/SUNNY/2016-01-12/camera5/S_2016-01-12_09.20_C05_266.jpg,baseline,dataset_b,0,1,0.901768147945404,SUNNY,,,
data/raw/dataset_b/subset/PATCHES/SUNNY/2016-01-12/camera8/S_2016-01-12_12.29_C08_313.jpg,mobilenet,dataset_b,1,0,0.9016323685646057,SUNNY,,,
data/raw/dataset_b/subset/PATCHES/SUNNY/2016-01-12/camera5/S_2016-01-12_09.50_C05_267.jpg,baseline,dataset_b,1,0,0.9003587365150452,SUNNY,,,
data/raw/dataset_b/subset/PATCHES/SUNNY/2016-01-13/camera1/S_2016-01-13_13.18_C01_229.jpg,baseline,dataset_b,1,0,0.9001652002334595,SUNNY,,,
data/raw/dataset_b/subset/PATCHES/SUNNY/2015-11-12/camera9/S_2015-11-12_10.47_C09_331.jpg,mobilenet,dataset_b,1,0,0.8994174003601074,SUNNY,,,
data/raw/dataset_b/subset/PATCHES/SUNNY/2016-01-16/camera8/S_2016-01-16_11.51_C08_283.jpg,baseline,dataset_b,0,1,0.8992518782615662,SUNNY,,,
data/raw/dataset_b/subset/PATCHES/RAINY/2016-01-08/camera5/R_2016-01-08_08.03_C05_298.jpg,baseline,dataset_b,0,1,0.899154782295227,RAINY,,,
data/raw/dataset_b/subset/PATCHES/SUNNY/2016-01-12/camera8/S_2016-01-12_08.58_C08_293.jpg,baseline,dataset_b,0,1,0.8976503610610962,SUNNY,,,
data/raw/dataset_b/subset/PATCHES/RAINY/2016-01-14/camera1/R_2016-01-14_09.05_C01_191.jpg,mobilenet,dataset_b,1,0,0.897485613822937,RAINY,,,
data/raw/dataset_b/subset/PATCHES/SUNNY/2016-01-12/camera6/S_2016-01-12_08.50_C06_275.jpg,baseline,dataset_b,0,1,0.8973714709281921,SUNNY,,,
data/raw/dataset_b/subset/PATCHES/SUNNY/2015-12-10/camera4/S_2015-12-10_14.48_C04_193.jpg,mobilenet,dataset_b,1,0,0.8973283767700195,SUNNY,,,
data/raw/dataset_b/subset/PATCHES/SUNNY/2016-01-12/camera7/S_2016-01-12_13.51_C07_277.jpg,mobilenet,dataset_b,1,0,0.8968484997749329,SUNNY,,,
data/raw/dataset_b/subset/PATCHES/OVERCAST/2015-11-25/camera9/O_2015-11-25_10.47_C09_331.jpg,baseline,dataset_b,1,0,0.8962914943695068,OVERCAST,,,
data/raw/dataset_b/subset/PATCHES/SUNNY/2016-01-13/camera9/S_2016-01-13_12.22_C09_330.jpg,mobilenet,dataset_b,1,0,0.8951465487480164,SUNNY,,,
data/raw/dataset_b/subset/PATCHES/SUNNY/2015-12-10/camera7/S_2015-12-10_14.51_C07_207.jpg,baseline,dataset_b,0,1,0.8950095176696777,SUNNY,,,
data/raw/dataset_b/subset/PATCHES/SUNNY/2016-01-12/camera1/S_2016-01-12_10.47_C01_192.jpg,mobilenet,dataset_b,1,0,0.892892599105835,SUNNY,,,
data/raw/dataset_b/subset/PATCHES/OVERCAST/2015-11-29/camera2/O_2015-11-29_14.14_C02_188.jpg,baseline,dataset_b,0,1,0.8916809558868408,OVERCAST,,,
data/raw/dataset_b/subset/PATCHES/OVERCAST/2015-12-18/camera1/O_2015-12-18_10.48_C01_264.jpg,mobilenet,dataset_b,1,0,0.8911402821540833,OVERCAST,,,
data/raw/dataset_b/subset/PATCHES/RAINY/2015-11-21/camera3/R_2015-11-21_15.45_C03_223.jpg,baseline,dataset_b,0,1,0.8908793330192566,RAINY,,,
data/raw/dataset_b/subset/PATCHES/RAINY/2016-01-14/camera3/R_2016-01-14_10.05_C03_191.jpg,baseline,dataset_b,1,0,0.8900666236877441,RAINY,,,
data/raw/dataset_b/subset/PATCHES/SUNNY/2016-01-13/camera4/S_2016-01-13_16.50_C04_607.jpg,baseline,dataset_b,0,1,0.8896369338035583,SUNNY,,,
data/raw/dataset_b/subset/PATCHES/SUNNY/2015-11-22/camera5/S_2015-11-22_11.36_C05_266.jpg,baseline,dataset_b,0,1,0.8885274529457092,SUNNY,,,
data/raw/dataset_b/subset/PATCHES/OVERCAST/2015-11-25/camera5/O_2015-11-25_10.13_C05_308.jpg,baseline,dataset_b,0,1,0.8860238790512085,OVERCAST,,,
data/raw/dataset_b/subset/PATCHES/OVERCAST/2015-12-03/camera2/O_2015-12-03_16.14_C02_185.jpg,mobilenet,dataset_b,1,0,0.8856198191642761,OVERCAST,,,
data/raw/dataset_b/subset/PATCHES/RAINY/2016-01-14/camera2/R_2016-01-14_09.34_C02_185.jpg,baseline,dataset_b,1,0,0.8852345943450928,RAINY,,,
data/raw/dataset_b/subset/PATCHES/OVERCAST/2015-12-19/camera1/O_2015-12-19_13.18_C01_186.jpg,mobilenet,dataset_b,1,0,0.8840740919113159,OVERCAST,,,
data/raw/dataset_b/subset/PATCHES/SUNNY/2015-12-17/camera1/S_2015-12-17_15.48_C01_195.jpg,baseline,dataset_b,1,0,0.878814160823822,SUNNY,,,
data/raw/dataset_b/subset/PATCHES/RAINY/2016-01-14/camera5/R_2016-01-14_11.38_C05_305.jpg,mobilenet,dataset_b,1,0,0.8780098557472229,RAINY,,,
data/raw/dataset_b/subset/PATCHES/RAINY/2015-11-21/camera1/R_2015-11-21_07.40_C01_196.jpg,mobilenet,dataset_b,1,0,0.8777344226837158,RAINY,,,
data/raw/dataset_b/subset/PATCHES/SUNNY/2015-11-12/camera3/S_2015-11-12_16.45_C03_192.jpg,baseline,dataset_b,0,1,0.8773844838142395,SUNNY,,,
data/raw/dataset_b/subset/PATCHES/OVERCAST/2015-12-19/camera7/O_2015-12-19_11.24_C07_309.jpg,mobilenet,dataset_b,1,0,0.8769505620002747,OVERCAST,,,
data/raw/dataset_b/subset/PATCHES/RAINY/2016-01-14/camera4/R_2016-01-14_16.07_C04_269.jpg,mobilenet,dataset_b,1,0,0.8745458722114563,RAINY,,,
data/raw/dataset_b/subset/PATCHES/SUNNY/2015-12-17/camera8/S_2015-12-17_08.40_C08_614.jpg,baseline,dataset_b,0,1,0.8745212554931641,SUNNY,,,
data/raw/dataset_b/subset/PATCHES/SUNNY/2016-01-15/camera7/S_2016-01-15_14.11_C07_207.jpg,baseline,dataset_b,0,1,0.87440025806427,SUNNY,,,
data/raw/dataset_b/subset/PATCHES/RAINY/2016-02-12/camera2/R_2016-02-12_09.35_C02_185.jpg,baseline,dataset_b,1,0,0.8740016222000122,RAINY,,,
data/raw/dataset_b/subset/PATCHES/RAINY/2015-12-22/camera4/R_2015-12-22_16.51_C04_304.jpg,mobilenet,dataset_b,1,0,0.8728089928627014,RAINY,,,
data/raw/dataset_b/subset/PATCHES/SUNNY/2015-12-17/camera1/S_2015-12-17_08.48_C01_189.jpg,baseline,dataset_b,0,1,0.8726624846458435,SUNNY,,,
data/raw/dataset_b/subset/PATCHES/SUNNY/2016-01-12/camera8/S_2016-01-12_11.59_C08_319.jpg,baseline,dataset_b,1,0,0.869926393032074,SUNNY,,,
data/raw/dataset_b/subset/PATCHES/SUNNY/2015-11-12/camera1/S_2015-11-12_09.39_C01_195.jpg,mobilenet,dataset_b,1,0,0.8674685955047607,SUNNY,,,
data/raw/dataset_b/subset/PATCHES/SUNNY/2016-01-15/camera9/S_2016-01-15_11.10_C09_617.jpg,mobilenet,dataset_b,1,0,0.866998016834259,SUNNY,,,
data/raw/dataset_b/subset/PATCHES/RAINY/2016-01-14/camera9/R_2016-01-14_07.40_C09_618.jpg,mobilenet,dataset_b,1,0,0.8668837547302246,RAINY,,,
data/raw/dataset_b/subset/PATCHES/OVERCAST/2015-12-19/camera7/O_2015-12-19_09.24_C07_240.jpg,baseline,dataset_b,0,1,0.8668496608734131,OVERCAST,NORMAL,NONE,assistant_visual_review_of_original_crop_contact_sheet
data/raw/dataset_b/subset/PATCHES/SUNNY/2016-01-18/camera9/S_2016-01-18_15.10_C09_294.jpg,baseline,dataset_b,1,0,0.8668146133422852,SUNNY,,,
data/raw/dataset_b/subset/PATCHES/RAINY/2015-12-22/camera3/R_2015-12-22_09.18_C03_193.jpg,baseline,dataset_b,0,1,0.8657465577125549,RAINY,,,
data/raw/dataset_b/subset/PATCHES/SUNNY/2015-11-22/camera4/S_2015-11-22_11.46_C04_268.jpg,baseline,dataset_b,0,1,0.8635082840919495,SUNNY,,,
data/raw/dataset_b/subset/PATCHES/SUNNY/2016-01-13/camera6/S_2016-01-13_10.50_C06_610.jpg,baseline,dataset_b,1,0,0.8633363842964172,SUNNY,BRIGHT,NONE,assistant_visual_review_of_original_crop_contact_sheet
data/raw/dataset_b/subset/PATCHES/SUNNY/2015-11-22/camera8/S_2015-11-22_16.09_C08_215.jpg,baseline,dataset_b,0,1,0.8632796406745911,SUNNY,,,
data/raw/dataset_b/subset/PATCHES/OVERCAST/2015-11-25/camera5/O_2015-11-25_09.43_C05_297.jpg,baseline,dataset_b,0,1,0.8630802035331726,OVERCAST,,,
data/raw/dataset_b/subset/PATCHES/SUNNY/2016-01-12/camera4/S_2016-01-12_16.19_C04_300.jpg,baseline,dataset_b,1,0,0.8582338094711304,SUNNY,,,
data/raw/dataset_b/subset/PATCHES/SUNNY/2016-01-12/camera9/S_2016-01-12_12.26_C09_291.jpg,baseline,dataset_b,1,0,0.8581202626228333,SUNNY,,,
data/raw/dataset_b/subset/PATCHES/SUNNY/2016-01-15/camera4/S_2016-01-15_11.07_C04_302.jpg,mobilenet,dataset_b,1,0,0.8574838042259216,SUNNY,,,
data/raw/dataset_b/subset/PATCHES/RAINY/2016-02-12/camera1/R_2016-02-12_14.40_C01_189.jpg,mobilenet,dataset_b,1,0,0.8556593656539917,RAINY,,,
data/raw/dataset_b/subset/PATCHES/SUNNY/2015-11-12/camera9/S_2015-11-12_08.47_C09_257.jpg,baseline,dataset_b,1,0,0.8552749156951904,SUNNY,,,
data/raw/dataset_b/subset/PATCHES/SUNNY/2016-01-13/camera6/S_2016-01-13_10.50_C06_307.jpg,mobilenet,dataset_b,1,0,0.8539792895317078,SUNNY,,,
data/raw/dataset_b/subset/PATCHES/RAINY/2015-11-21/camera7/R_2015-11-21_12.18_C07_238.jpg,baseline,dataset_b,0,1,0.8530545234680176,RAINY,,,
data/raw/dataset_b/subset/PATCHES/SUNNY/2015-12-17/camera7/S_2015-12-17_13.24_C07_318.jpg,mobilenet,dataset_b,1,0,0.8481535315513611,SUNNY,,,
data/raw/dataset_b/subset/PATCHES/OVERCAST/2015-11-16/camera1/O_2015-11-16_10.40_C01_190.jpg,baseline,dataset_b,1,0,0.8467870950698853,OVERCAST,,,
data/raw/dataset_b/subset/PATCHES/RAINY/2016-02-12/camera1/R_2016-02-12_16.40_C01_266.jpg,mobilenet,dataset_b,0,1,0.8459616303443909,RAINY,,,
data/raw/dataset_b/subset/PATCHES/RAINY/2016-01-08/camera5/R_2016-01-08_10.33_C05_202.jpg,mobilenet,dataset_b,1,0,0.8455677032470703,RAINY,,,
data/raw/dataset_b/subset/PATCHES/SUNNY/2015-12-10/camera3/S_2015-12-10_15.16_C03_188.jpg,mobilenet,dataset_b,1,0,0.8450164198875427,SUNNY,,,
data/raw/dataset_b/subset/PATCHES/SUNNY/2016-01-13/camera2/S_2016-01-13_10.30_C02_186.jpg,mobilenet,dataset_b,1,0,0.8431947231292725,SUNNY,,,
data/raw/dataset_b/subset/PATCHES/RAINY/2016-01-08/camera7/R_2016-01-08_14.58_C07_274.jpg,mobilenet,dataset_b,1,0,0.8428460359573364,RAINY,,,
data/raw/dataset_b/subset/PATCHES/OVERCAST/2015-12-03/camera3/O_2015-12-03_11.46_C03_606.jpg,baseline,dataset_b,1,0,0.8425269722938538,OVERCAST,,,
data/raw/dataset_b/subset/PATCHES/SUNNY/2016-01-15/camera8/S_2016-01-15_07.50_C08_245.jpg,baseline,dataset_b,0,1,0.8404773473739624,SUNNY,,,
data/raw/dataset_b/subset/PATCHES/RAINY/2016-01-09/camera3/R_2016-01-09_16.49_C03_605.jpg,baseline,dataset_b,0,1,0.840238630771637,RAINY,,,
data/raw/dataset_b/subset/PATCHES/OVERCAST/2015-11-16/camera3/O_2015-11-16_10.15_C03_297.jpg,mobilenet,dataset_b,1,0,0.8392148017883301,OVERCAST,,,
data/raw/dataset_b/subset/PATCHES/SUNNY/2016-01-15/camera8/S_2016-01-15_15.08_C08_320.jpg,baseline,dataset_b,0,1,0.8383142948150635,SUNNY,,,
data/raw/dataset_b/subset/PATCHES/SUNNY/2015-11-22/camera7/S_2015-11-22_08.49_C07_310.jpg,baseline,dataset_b,0,1,0.8369078040122986,SUNNY,,,
data/raw/dataset_b/subset/PATCHES/SUNNY/2015-11-22/camera1/S_2015-11-22_14.40_C01_196.jpg,mobilenet,dataset_b,1,0,0.8347516655921936,SUNNY,,,
data/raw/dataset_b/subset/PATCHES/SUNNY/2015-12-17/camera2/S_2015-12-17_15.17_C02_185.jpg,baseline,dataset_b,1,0,0.833339273929596,SUNNY,,,
data/raw/dataset_b/subset/PATCHES/SUNNY/2015-11-27/camera3/S_2015-11-27_07.46_C03_188.jpg,baseline,dataset_b,0,1,0.8328822255134583,SUNNY,,,
data/raw/dataset_b/subset/PATCHES/RAINY/2015-12-22/camera1/R_2015-12-22_10.48_C01_189.jpg,mobilenet,dataset_b,1,0,0.8325251340866089,RAINY,,,
data/raw/dataset_b/subset/PATCHES/SUNNY/2015-11-12/camera5/S_2015-11-12_08.47_C05_268.jpg,baseline,dataset_b,0,1,0.8325132131576538,SUNNY,,,
data/raw/dataset_b/subset/PATCHES/SUNNY/2016-01-16/camera2/S_2016-01-16_09.04_C02_188.jpg,baseline,dataset_b,0,1,0.8298497796058655,SUNNY,,,
data/raw/dataset_b/subset/PATCHES/OVERCAST/2015-12-03/camera2/O_2015-12-03_10.44_C02_188.jpg,mobilenet,dataset_b,1,0,0.82957923412323,OVERCAST,,,
data/raw/dataset_b/subset/PATCHES/RAINY/2016-02-12/camera3/R_2016-02-12_07.36_C03_190.jpg,baseline,dataset_b,0,1,0.829505205154419,RAINY,,,
data/raw/dataset_b/subset/PATCHES/SUNNY/2016-01-12/camera4/S_2016-01-12_13.19_C04_265.jpg,baseline,dataset_b,0,1,0.8292995691299438,SUNNY,,,
data/raw/dataset_b/subset/PATCHES/RAINY/2016-02-12/camera3/R_2016-02-12_07.36_C03_189.jpg,baseline,dataset_b,0,1,0.8285837769508362,RAINY,,,
data/raw/dataset_b/subset/PATCHES/RAINY/2016-01-14/camera8/R_2016-01-14_17.09_C08_314.jpg,mobilenet,dataset_b,1,0,0.828397810459137,RAINY,,,
data/raw/dataset_b/subset/PATCHES/OVERCAST/2015-12-03/camera5/O_2015-12-03_08.48_C05_199.jpg,baseline,dataset_b,0,1,0.8277474641799927,OVERCAST,,,
data/raw/dataset_b/subset/PATCHES/RAINY/2016-01-09/camera9/R_2016-01-09_16.55_C09_331.jpg,baseline,dataset_b,0,1,0.8276488184928894,RAINY,,,
data/raw/dataset_b/subset/PATCHES/RAINY/2016-01-14/camera6/R_2016-01-14_11.08_C06_610.jpg,mobilenet,dataset_b,1,0,0.8257103562355042,RAINY,,,
data/raw/dataset_b/subset/PATCHES/OVERCAST/2015-11-20/camera3/O_2015-11-20_13.15_C03_191.jpg,mobilenet,dataset_b,1,0,0.8256266117095947,OVERCAST,,,
data/raw/dataset_b/subset/PATCHES/RAINY/2016-01-14/camera6/R_2016-01-14_12.38_C06_241.jpg,mobilenet,dataset_b,1,0,0.8240695595741272,RAINY,,,
data/raw/dataset_b/subset/PATCHES/SUNNY/2015-12-10/camera2/S_2015-12-10_09.15_C02_185.jpg,mobilenet,dataset_b,1,0,0.8225240111351013,SUNNY,,,
data/raw/dataset_b/subset/PATCHES/SUNNY/2015-11-27/camera9/S_2015-11-27_13.47_C09_296.jpg,mobilenet,dataset_b,1,0,0.8218539953231812,SUNNY,,,
data/raw/dataset_b/subset/PATCHES/RAINY/2015-12-22/camera3/R_2015-12-22_14.18_C03_187.jpg,baseline,dataset_b,0,1,0.8215721249580383,RAINY,,,
data/raw/dataset_b/subset/PATCHES/SUNNY/2016-01-13/camera5/S_2016-01-13_16.50_C05_199.jpg,baseline,dataset_b,0,1,0.8214781284332275,SUNNY,,,
data/raw/dataset_b/subset/PATCHES/RAINY/2016-02-12/camera3/R_2016-02-12_10.06_C03_299.jpg,mobilenet,dataset_b,1,0,0.821306586265564,RAINY,,,
data/raw/dataset_b/subset/PATCHES/SUNNY/2016-01-16/camera3/S_2016-01-16_14.35_C03_191.jpg,mobilenet,dataset_b,1,0,0.8205550312995911,SUNNY,,,
data/raw/dataset_b/subset/PATCHES/SUNNY/2016-01-18/camera1/S_2016-01-18_07.35_C01_224.jpg,baseline,dataset_b,0,1,0.8202685117721558,SUNNY,,,
data/raw/dataset_b/subset/PATCHES/OVERCAST/2015-11-29/camera5/O_2015-11-29_08.48_C05_609.jpg,baseline,dataset_b,1,0,0.8182156085968018,OVERCAST,,,
data/raw/dataset_b/subset/PATCHES/SUNNY/2015-11-27/camera1/S_2015-11-27_13.10_C01_187.jpg,baseline,dataset_b,0,1,0.8176596760749817,SUNNY,,,
data/raw/dataset_b/subset/PATCHES/SUNNY/2015-11-12/camera7/S_2015-11-12_10.17_C07_321.jpg,baseline,dataset_b,1,0,0.816011369228363,SUNNY,,,
data/raw/dataset_b/subset/PATCHES/OVERCAST/2015-12-03/camera5/O_2015-12-03_14.48_C05_264.jpg,baseline,dataset_b,1,0,0.8155301213264465,OVERCAST,,,
data/raw/dataset_b/subset/PATCHES/SUNNY/2016-01-13/camera4/S_2016-01-13_10.50_C04_228.jpg,baseline,dataset_b,1,0,0.8143207430839539,SUNNY,,,
data/raw/dataset_b/subset/PATCHES/SUNNY/2015-12-10/camera5/S_2015-12-10_08.25_C05_199.jpg,baseline,dataset_b,0,1,0.8139409422874451,SUNNY,,,
data/raw/dataset_b/subset/PATCHES/SUNNY/2015-12-17/camera3/S_2015-12-17_13.48_C03_191.jpg,mobilenet,dataset_b,1,0,0.812047004699707,SUNNY,,,
data/raw/dataset_b/subset/PATCHES/OVERCAST/2015-11-20/camera3/O_2015-11-20_16.45_C03_191.jpg,mobilenet,dataset_b,1,0,0.8111987709999084,OVERCAST,,,
data/raw/dataset_b/subset/PATCHES/OVERCAST/2015-11-20/camera1/O_2015-11-20_12.10_C01_195.jpg,mobilenet,dataset_b,1,0,0.811092734336853,OVERCAST,,,
data/raw/dataset_b/subset/PATCHES/OVERCAST/2015-12-18/camera6/O_2015-12-18_09.51_C06_310.jpg,baseline,dataset_b,0,1,0.8110005855560303,OVERCAST,,,
data/raw/dataset_b/subset/PATCHES/SUNNY/2016-01-18/camera7/S_2016-01-18_09.15_C07_244.jpg,baseline,dataset_b,0,1,0.8091030716896057,SUNNY,,,
data/raw/dataset_b/subset/PATCHES/RAINY/2016-01-14/camera1/R_2016-01-14_11.05_C01_226.jpg,mobilenet,dataset_b,1,0,0.806245744228363,RAINY,,,
data/raw/dataset_b/subset/PATCHES/SUNNY/2016-01-18/camera2/S_2016-01-18_08.04_C02_187.jpg,baseline,dataset_b,0,1,0.8013833165168762,SUNNY,,,
data/raw/dataset_b/subset/PATCHES/SUNNY/2015-11-12/camera5/S_2015-11-12_16.17_C05_305.jpg,mobilenet,dataset_b,1,0,0.7996711730957031,SUNNY,,,
data/raw/dataset_b/subset/PATCHES/SUNNY/2015-12-10/camera1/S_2015-12-10_15.12_C01_192.jpg,mobilenet,dataset_b,1,0,0.7988382577896118,SUNNY,,,
data/raw/dataset_b/subset/PATCHES/OVERCAST/2015-11-29/camera1/O_2015-11-29_09.40_C01_186.jpg,mobilenet,dataset_b,1,0,0.7986123561859131,OVERCAST,,,
data/raw/dataset_b/subset/PATCHES/OVERCAST/2015-11-20/camera2/O_2015-11-20_11.44_C02_185.jpg,baseline,dataset_b,0,1,0.7985754013061523,OVERCAST,,,
data/raw/dataset_b/subset/PATCHES/OVERCAST/2015-11-25/camera3/O_2015-11-25_15.16_C03_297.jpg,mobilenet,dataset_b,1,0,0.7977451682090759,OVERCAST,,,
data/raw/dataset_b/subset/PATCHES/OVERCAST/2015-12-19/camera7/O_2015-12-19_13.54_C07_309.jpg,baseline,dataset_b,1,0,0.7975575923919678,OVERCAST,,,
data/raw/dataset_b/subset/PATCHES/OVERCAST/2015-11-25/camera5/O_2015-11-25_10.43_C05_273.jpg,baseline,dataset_b,1,0,0.7972965240478516,OVERCAST,,,
data/raw/dataset_b/subset/PATCHES/OVERCAST/2015-12-18/camera5/O_2015-12-18_14.26_C05_299.jpg,baseline,dataset_b,1,0,0.7951719164848328,OVERCAST,,,
data/raw/dataset_b/subset/PATCHES/SUNNY/2015-11-27/camera9/S_2015-11-27_12.17_C09_253.jpg,mobilenet,dataset_b,1,0,0.7926186919212341,SUNNY,,,
data/raw/dataset_b/subset/PATCHES/OVERCAST/2015-12-03/camera6/O_2015-12-03_08.49_C06_313.jpg,baseline,dataset_b,0,1,0.7915568947792053,OVERCAST,,,
data/raw/dataset_b/subset/PATCHES/RAINY/2016-01-08/camera1/R_2016-01-08_10.19_C01_193.jpg,mobilenet,dataset_b,1,0,0.7914721965789795,RAINY,,,
data/raw/dataset_b/subset/PATCHES/OVERCAST/2015-12-19/camera1/O_2015-12-19_11.48_C01_267.jpg,baseline,dataset_b,0,1,0.791193425655365,OVERCAST,,,
data/raw/dataset_b/subset/PATCHES/OVERCAST/2015-11-20/camera1/O_2015-11-20_14.40_C01_191.jpg,mobilenet,dataset_b,1,0,0.7884564995765686,OVERCAST,,,
data/raw/dataset_b/subset/PATCHES/SUNNY/2016-01-15/camera6/S_2016-01-15_16.08_C06_278.jpg,baseline,dataset_b,0,1,0.7867648601531982,SUNNY,,,
data/raw/dataset_b/subset/PATCHES/SUNNY/2015-11-22/camera1/S_2015-11-22_12.40_C01_230.jpg,mobilenet,dataset_b,1,0,0.7841938138008118,SUNNY,,,
data/raw/dataset_b/subset/PATCHES/SUNNY/2015-11-22/camera1/S_2015-11-22_10.10_C01_184.jpg,mobilenet,dataset_b,1,0,0.7824979424476624,SUNNY,,,
data/raw/dataset_b/subset/PATCHES/SUNNY/2015-11-12/camera4/S_2015-11-12_08.46_C04_265.jpg,baseline,dataset_b,0,1,0.7815218567848206,SUNNY,,,
data/raw/dataset_b/subset/PATCHES/OVERCAST/2015-11-29/camera2/O_2015-11-29_12.14_C02_184.jpg,mobilenet,dataset_b,1,0,0.7807888984680176,OVERCAST,,,
data/raw/dataset_b/subset/PATCHES/SUNNY/2016-01-13/camera7/S_2016-01-13_11.22_C07_247.jpg,mobilenet,dataset_b,1,0,0.7803858518600464,SUNNY,,,
data/raw/dataset_b/subset/PATCHES/SUNNY/2015-11-22/camera8/S_2015-11-22_11.37_C08_212.jpg,baseline,dataset_b,0,1,0.7797597646713257,SUNNY,,,
data/raw/dataset_b/subset/PATCHES/RAINY/2015-12-22/camera4/R_2015-12-22_14.51_C04_606.jpg,baseline,dataset_b,0,1,0.7790498733520508,RAINY,,,
data/raw/dataset_b/subset/PATCHES/OVERCAST/2015-11-25/camera1/O_2015-11-25_13.10_C01_228.jpg,mobilenet,dataset_b,0,1,0.7747559547424316,OVERCAST,,,
data/raw/dataset_b/subset/PATCHES/SUNNY/2015-11-27/camera1/S_2015-11-27_12.40_C01_262.jpg,mobilenet,dataset_b,1,0,0.7716957330703735,SUNNY,,,
data/raw/dataset_b/subset/PATCHES/SUNNY/2016-01-13/camera8/S_2016-01-13_10.33_C08_289.jpg,mobilenet,dataset_b,0,1,0.769599437713623,SUNNY,,,
data/raw/dataset_b/subset/PATCHES/SUNNY/2015-11-22/camera2/S_2015-11-22_11.44_C02_188.jpg,baseline,dataset_b,0,1,0.76947021484375,SUNNY,,,
data/raw/dataset_b/subset/PATCHES/SUNNY/2016-01-13/camera2/S_2016-01-13_10.30_C02_221.jpg,mobilenet,dataset_b,1,0,0.7689429521560669,SUNNY,,,
data/raw/dataset_b/subset/PATCHES/RAINY/2016-01-14/camera7/R_2016-01-14_11.40_C07_276.jpg,mobilenet,dataset_b,1,0,0.7686704397201538,RAINY,,,
data/raw/dataset_b/subset/PATCHES/SUNNY/2016-01-15/camera9/S_2016-01-15_12.40_C09_617.jpg,baseline,dataset_b,1,0,0.7679659724235535,SUNNY,,,
data/raw/dataset_b/subset/PATCHES/OVERCAST/2015-11-16/camera6/O_2015-11-16_10.17_C06_311.jpg,mobilenet,dataset_b,1,0,0.76658695936203,OVERCAST,,,
data/raw/dataset_b/subset/PATCHES/SUNNY/2015-12-17/camera4/S_2015-12-17_13.21_C04_304.jpg,baseline,dataset_b,1,0,0.7662085890769958,SUNNY,,,
data/raw/dataset_b/subset/PATCHES/RAINY/2015-12-22/camera9/R_2015-12-22_11.54_C09_330.jpg,mobilenet,dataset_b,0,1,0.7648758888244629,RAINY,,,
data/raw/dataset_b/subset/PATCHES/SUNNY/2016-01-15/camera8/S_2016-01-15_11.00_C08_214.jpg,mobilenet,dataset_b,1,0,0.7647275924682617,SUNNY,,,
data/raw/dataset_b/subset/PATCHES/SUNNY/2016-01-16/camera3/S_2016-01-16_14.05_C03_191.jpg,baseline,dataset_b,1,0,0.7637173533439636,SUNNY,,,
data/raw/dataset_b/subset/PATCHES/OVERCAST/2015-12-18/camera1/O_2015-12-18_14.18_C01_229.jpg,mobilenet,dataset_b,1,0,0.7629819512367249,OVERCAST,,,
data/raw/dataset_b/subset/PATCHES/SUNNY/2015-11-22/camera2/S_2015-11-22_08.44_C02_186.jpg,mobilenet,dataset_b,1,0,0.7610522508621216,SUNNY,,,
data/raw/dataset_b/subset/PATCHES/SUNNY/2015-11-27/camera2/S_2015-11-27_09.44_C02_185.jpg,baseline,dataset_b,0,1,0.7610254287719727,SUNNY,,,
data/raw/dataset_b/subset/PATCHES/SUNNY/2015-11-22/camera1/S_2015-11-22_11.40_C01_265.jpg,baseline,dataset_b,0,1,0.7599225044250488,SUNNY,,,
data/raw/dataset_b/subset/PATCHES/SUNNY/2016-01-18/camera5/S_2016-01-18_09.14_C05_273.jpg,mobilenet,dataset_b,0,1,0.7586337327957153,SUNNY,,,
data/raw/dataset_b/subset/PATCHES/SUNNY/2016-01-15/camera9/S_2016-01-15_10.10_C09_617.jpg,mobilenet,dataset_b,1,0,0.7578318119049072,SUNNY,,,
data/raw/dataset_b/subset/PATCHES/SUNNY/2016-01-13/camera6/S_2016-01-13_09.20_C06_273.jpg,baseline,dataset_b,0,1,0.7563208341598511,SUNNY,,,
data/raw/dataset_b/subset/PATCHES/SUNNY/2015-12-17/camera9/S_2015-12-17_16.24_C09_219.jpg,baseline,dataset_b,0,1,0.7553949952125549,SUNNY,,,
data/raw/dataset_b/subset/PATCHES/SUNNY/2015-11-27/camera4/S_2015-11-27_09.17_C04_301.jpg,baseline,dataset_b,0,1,0.7552918195724487,SUNNY,,,
data/raw/dataset_b/subset/PATCHES/SUNNY/2016-01-13/camera8/S_2016-01-13_09.32_C08_330.jpg,baseline,dataset_b,0,1,0.7541178464889526,SUNNY,,,
data/raw/dataset_b/subset/PATCHES/SUNNY/2016-01-16/camera7/S_2016-01-16_12.13_C07_279.jpg,baseline,dataset_b,0,1,0.7535878419876099,SUNNY,,,
data/raw/dataset_b/subset/PATCHES/SUNNY/2015-11-27/camera3/S_2015-11-27_08.16_C03_606.jpg,baseline,dataset_b,0,1,0.752718985080719,SUNNY,,,
data/raw/dataset_b/subset/PATCHES/OVERCAST/2015-11-29/camera1/O_2015-11-29_11.40_C01_195.jpg,baseline,dataset_b,0,1,0.7521412968635559,OVERCAST,,,
data/raw/dataset_b/subset/PATCHES/RAINY/2015-11-21/camera4/R_2015-11-21_13.46_C04_195.jpg,baseline,dataset_b,0,1,0.7521276473999023,RAINY,,,
data/raw/dataset_b/subset/PATCHES/SUNNY/2015-12-10/camera3/S_2015-12-10_12.16_C03_188.jpg,mobilenet,dataset_b,1,0,0.7518306374549866,SUNNY,,,
data/raw/dataset_b/subset/PATCHES/SUNNY/2015-12-17/camera3/S_2015-12-17_13.48_C03_189.jpg,baseline,dataset_b,0,1,0.7516680359840393,SUNNY,,,
data/raw/dataset_b/subset/PATCHES/OVERCAST/2015-11-25/camera4/O_2015-11-25_07.16_C04_193.jpg,baseline,dataset_b,0,1,0.7511181831359863,OVERCAST,,,
data/raw/dataset_b/subset/PATCHES/OVERCAST/2015-12-03/camera4/O_2015-12-03_12.47_C04_193.jpg,mobilenet,dataset_b,1,0,0.7505371570587158,OVERCAST,,,
data/raw/dataset_b/subset/PATCHES/SUNNY/2015-12-17/camera1/S_2015-12-17_10.48_C01_195.jpg,mobilenet,dataset_b,1,0,0.7475247383117676,SUNNY,,,
data/raw/dataset_b/subset/PATCHES/SUNNY/2015-11-22/camera9/S_2015-11-22_10.47_C09_331.jpg,baseline,dataset_b,1,0,0.7465081810951233,SUNNY,,,
data/raw/dataset_b/subset/PATCHES/SUNNY/2016-01-12/camera2/S_2016-01-12_13.23_C02_188.jpg,baseline,dataset_b,0,1,0.7453229427337646,SUNNY,,,
data/raw/dataset_b/subset/PATCHES/SUNNY/2015-12-17/camera8/S_2015-12-17_16.46_C08_315.jpg,mobilenet,dataset_b,1,0,0.7440187931060791,SUNNY,,,
data/raw/dataset_b/subset/PATCHES/RAINY/2015-12-22/camera6/R_2015-12-22_12.52_C06_201.jpg,mobilenet,dataset_b,1,0,0.7412014603614807,RAINY,,,
data/raw/dataset_b/subset/PATCHES/SUNNY/2015-11-12/camera1/S_2015-11-12_11.39_C01_224.jpg,mobilenet,dataset_b,1,0,0.7407667636871338,SUNNY,,,
data/raw/dataset_b/subset/PATCHES/SUNNY/2016-01-13/camera4/S_2016-01-13_16.50_C04_304.jpg,mobilenet,dataset_b,1,0,0.7376704216003418,SUNNY,,,
data/raw/dataset_b/subset/PATCHES/SUNNY/2016-01-13/camera6/S_2016-01-13_11.20_C06_273.jpg,mobilenet,dataset_b,1,0,0.7376668453216553,SUNNY,,,
data/raw/dataset_b/subset/PATCHES/OVERCAST/2015-11-20/camera2/O_2015-11-20_12.14_C02_186.jpg,mobilenet,dataset_b,1,0,0.736464262008667,OVERCAST,,,
data/raw/dataset_b/subset/PATCHES/RAINY/2016-01-09/camera6/R_2016-01-09_13.23_C06_240.jpg,baseline,dataset_b,0,1,0.7364482283592224,RAINY,,,
data/raw/dataset_b/subset/PATCHES/SUNNY/2015-12-17/camera9/S_2015-12-17_14.54_C09_330.jpg,mobilenet,dataset_b,1,0,0.7362344861030579,SUNNY,,,
data/raw/dataset_b/subset/PATCHES/RAINY/2016-01-14/camera9/R_2016-01-14_16.40_C09_254.jpg,mobilenet,dataset_b,1,0,0.7349895238876343,RAINY,,,
data/raw/dataset_b/subset/PATCHES/SUNNY/2015-11-12/camera8/S_2015-11-12_09.16_C08_326.jpg,mobilenet,dataset_b,0,1,0.7316418886184692,SUNNY,,,
data/raw/dataset_b/subset/PATCHES/SUNNY/2016-01-16/camera1/S_2016-01-16_11.35_C01_186.jpg,mobilenet,dataset_b,1,0,0.7316154837608337,SUNNY,,,
data/raw/dataset_b/subset/PATCHES/SUNNY/2015-12-10/camera3/S_2015-12-10_10.46_C03_191.jpg,mobilenet,dataset_b,1,0,0.7291202545166016,SUNNY,,,
data/raw/dataset_b/subset/PATCHES/SUNNY/2015-12-10/camera4/S_2015-12-10_16.48_C04_607.jpg,mobilenet,dataset_b,1,0,0.728952944278717,SUNNY,,,
data/raw/dataset_b/subset/PATCHES/SUNNY/2015-12-10/camera2/S_2015-12-10_11.15_C02_185.jpg,mobilenet,dataset_b,1,0,0.7284334897994995,SUNNY,,,
data/raw/dataset_b/subset/PATCHES/OVERCAST/2015-12-19/camera5/O_2015-12-19_12.37_C05_309.jpg,baseline,dataset_b,1,0,0.7279317378997803,OVERCAST,,,
data/raw/dataset_b/subset/PATCHES/OVERCAST/2015-12-19/camera7/O_2015-12-19_10.54_C07_309.jpg,mobilenet,dataset_b,1,0,0.7275391817092896,OVERCAST,,,
data/raw/dataset_b/subset/PATCHES/RAINY/2016-01-08/camera8/R_2016-01-08_10.10_C08_287.jpg,baseline,dataset_b,0,1,0.7253089547157288,RAINY,,,
data/raw/dataset_b/subset/PATCHES/RAINY/2016-01-14/camera1/R_2016-01-14_14.35_C01_184.jpg,mobilenet,dataset_b,1,0,0.7210685610771179,RAINY,,,
data/raw/dataset_b/subset/PATCHES/SUNNY/2016-01-15/camera4/S_2016-01-15_11.07_C04_226.jpg,mobilenet,dataset_b,1,0,0.7209619879722595,SUNNY,,,
data/raw/dataset_b/subset/PATCHES/RAINY/2016-01-14/camera2/R_2016-01-14_15.04_C02_187.jpg,baseline,dataset_b,0,1,0.7202500104904175,RAINY,,,
data/raw/dataset_b/subset/PATCHES/OVERCAST/2015-11-25/camera7/O_2015-11-25_10.49_C07_274.jpg,mobilenet,dataset_b,1,0,0.72024005651474,OVERCAST,,,
data/raw/dataset_b/subset/PATCHES/OVERCAST/2015-12-03/camera5/O_2015-12-03_14.18_C05_275.jpg,baseline,dataset_b,1,0,0.7196929454803467,OVERCAST,,,
data/raw/dataset_b/subset/PATCHES/RAINY/2015-11-21/camera1/R_2015-11-21_16.10_C01_184.jpg,mobilenet,dataset_b,1,0,0.7195579409599304,RAINY,,,
data/raw/dataset_b/subset/PATCHES/OVERCAST/2015-12-19/camera7/O_2015-12-19_10.24_C07_211.jpg,baseline,dataset_b,0,1,0.7194435000419617,OVERCAST,,,
data/raw/dataset_b/subset/PATCHES/RAINY/2016-02-12/camera6/R_2016-02-12_10.24_C06_307.jpg,mobilenet,dataset_b,1,0,0.7165402770042419,RAINY,,,
data/raw/dataset_b/subset/PATCHES/OVERCAST/2015-11-20/camera2/O_2015-11-20_14.44_C02_185.jpg,baseline,dataset_b,0,1,0.7162538766860962,OVERCAST,,,
data/raw/dataset_b/subset/PATCHES/RAINY/2015-11-21/camera1/R_2015-11-21_15.40_C01_196.jpg,mobilenet,dataset_b,1,0,0.7131572365760803,RAINY,,,
data/raw/dataset_b/subset/PATCHES/OVERCAST/2015-12-19/camera1/O_2015-12-19_08.48_C01_224.jpg,mobilenet,dataset_b,0,1,0.7130241394042969,OVERCAST,,,
data/raw/dataset_b/subset/PATCHES/RAINY/2016-01-14/camera2/R_2016-01-14_09.34_C02_185.jpg,mobilenet,dataset_b,1,0,0.7110241055488586,RAINY,,,
data/raw/dataset_b/subset/PATCHES/SUNNY/2016-01-15/camera4/S_2016-01-15_13.37_C04_304.jpg,baseline,dataset_b,0,1,0.7106082439422607,SUNNY,,,
data/raw/dataset_b/subset/PATCHES/SUNNY/2016-01-15/camera9/S_2016-01-15_13.10_C09_328.jpg,mobilenet,dataset_b,1,0,0.7067469954490662,SUNNY,,,
data/raw/dataset_b/subset/PATCHES/RAINY/2015-12-22/camera1/R_2015-12-22_10.48_C01_186.jpg,mobilenet,dataset_b,1,0,0.7063459753990173,RAINY,,,
data/raw/dataset_b/subset/PATCHES/OVERCAST/2015-11-29/camera9/O_2015-11-29_08.47_C09_331.jpg,mobilenet,dataset_b,1,0,0.7062665820121765,OVERCAST,,,
data/raw/dataset_b/subset/PATCHES/SUNNY/2016-01-13/camera4/S_2016-01-13_12.20_C04_298.jpg,mobilenet,dataset_b,1,0,0.7058875560760498,SUNNY,,,
data/raw/dataset_b/subset/PATCHES/SUNNY/2015-12-17/camera4/S_2015-12-17_10.51_C04_193.jpg,mobilenet,dataset_b,1,0,0.7053782343864441,SUNNY,,,
data/raw/dataset_b/subset/PATCHES/RAINY/2016-01-14/camera8/R_2016-01-14_16.39_C08_315.jpg,mobilenet,dataset_b,1,0,0.704973578453064,RAINY,,,
data/raw/dataset_b/subset/PATCHES/RAINY/2015-12-22/camera1/R_2015-12-22_11.48_C01_186.jpg,mobilenet,dataset_b,1,0,0.7041785717010498,RAINY,,,
data/raw/dataset_b/subset/PATCHES/OVERCAST/2015-11-25/camera4/O_2015-11-25_09.17_C04_606.jpg,mobilenet,dataset_b,1,0,0.7037010192871094,OVERCAST,,,
data/raw/dataset_b/subset/PATCHES/SUNNY/2016-01-16/camera1/S_2016-01-16_13.35_C01_186.jpg,mobilenet,dataset_b,1,0,0.7032052278518677,SUNNY,,,
data/raw/dataset_b/subset/PATCHES/OVERCAST/2015-11-20/camera6/O_2015-11-20_07.17_C06_269.jpg,baseline,dataset_b,0,1,0.7022103667259216,OVERCAST,,,
data/raw/dataset_b/subset/PATCHES/SUNNY/2015-11-12/camera3/S_2015-11-12_13.45_C03_188.jpg,mobilenet,dataset_b,1,0,0.701832115650177,SUNNY,,,
data/raw/dataset_b/subset/PATCHES/SUNNY/2015-12-10/camera4/S_2015-12-10_09.48_C04_607.jpg,mobilenet,dataset_b,1,0,0.7012893557548523,SUNNY,,,
data/raw/dataset_b/subset/PATCHES/OVERCAST/2015-11-25/camera9/O_2015-11-25_10.47_C09_331.jpg,mobilenet,dataset_b,1,0,0.700422465801239,OVERCAST,,,
data/raw/dataset_b/subset/PATCHES/OVERCAST/2015-12-03/camera3/O_2015-12-03_08.16_C03_224.jpg,baseline,dataset_b,0,1,0.6990038752555847,OVERCAST,,,
data/raw/dataset_b/subset/PATCHES/OVERCAST/2015-12-03/camera1/O_2015-12-03_09.11_C01_188.jpg,baseline,dataset_b,0,1,0.6971884369850159,OVERCAST,,,
data/raw/dataset_b/subset/PATCHES/OVERCAST/2015-12-03/camera4/O_2015-12-03_13.17_C04_304.jpg,mobilenet,dataset_b,1,0,0.6935985088348389,OVERCAST,,,
data/raw/dataset_b/subset/PATCHES/OVERCAST/2015-12-18/camera3/O_2015-12-18_10.18_C03_188.jpg,mobilenet,dataset_b,1,0,0.6933923363685608,OVERCAST,,,
data/raw/dataset_b/subset/PATCHES/OVERCAST/2015-12-03/camera7/O_2015-12-03_15.50_C07_207.jpg,baseline,dataset_b,0,1,0.6931214332580566,OVERCAST,,,
data/raw/dataset_b/subset/PATCHES/RAINY/2015-12-22/camera1/R_2015-12-22_10.48_C01_189.jpg,baseline,dataset_b,1,0,0.6924299001693726,RAINY,,,
data/raw/dataset_b/subset/PATCHES/OVERCAST/2015-11-20/camera3/O_2015-11-20_07.15_C03_604.jpg,baseline,dataset_b,0,1,0.6923243403434753,OVERCAST,,,
data/raw/dataset_b/subset/PATCHES/RAINY/2016-02-12/camera7/R_2016-02-12_07.24_C07_321.jpg,baseline,dataset_b,0,1,0.6919463276863098,RAINY,,,
data/raw/dataset_b/subset/PATCHES/SUNNY/2015-12-17/camera4/S_2015-12-17_13.21_C04_304.jpg,mobilenet,dataset_b,1,0,0.6915425062179565,SUNNY,,,
data/raw/dataset_b/subset/PATCHES/OVERCAST/2015-12-03/camera2/O_2015-12-03_13.14_C02_601.jpg,baseline,dataset_b,1,0,0.6912684440612793,OVERCAST,,,
data/raw/dataset_b/subset/PATCHES/SUNNY/2016-01-12/camera6/S_2016-01-12_09.50_C06_313.jpg,baseline,dataset_b,0,1,0.6907128691673279,SUNNY,,,
data/raw/dataset_b/subset/PATCHES/RAINY/2015-12-22/camera1/R_2015-12-22_10.18_C01_189.jpg,mobilenet,dataset_b,1,0,0.6906449794769287,RAINY,,,
data/raw/dataset_b/subset/PATCHES/OVERCAST/2015-11-16/camera2/O_2015-11-16_15.14_C02_185.jpg,baseline,dataset_b,0,1,0.6866509914398193,OVERCAST,,,
data/raw/dataset_b/subset/PATCHES/SUNNY/2016-01-12/camera7/S_2016-01-12_11.51_C07_210.jpg,mobilenet,dataset_b,1,0,0.6865938901901245,SUNNY,,,
data/raw/dataset_b/subset/PATCHES/RAINY/2016-02-12/camera2/R_2016-02-12_11.35_C02_184.jpg,mobilenet,dataset_b,0,1,0.6841936111450195,RAINY,,,
data/raw/dataset_b/subset/PATCHES/OVERCAST/2015-12-03/camera9/O_2015-12-03_08.17_C09_290.jpg,baseline,dataset_b,0,1,0.6827889084815979,OVERCAST,,,
data/raw/dataset_b/subset/PATCHES/SUNNY/2015-11-27/camera5/S_2015-11-27_08.17_C05_300.jpg,baseline,dataset_b,0,1,0.6805856227874756,SUNNY,,,
data/raw/dataset_b/subset/PATCHES/OVERCAST/2015-11-20/camera7/O_2015-11-20_10.48_C07_322.jpg,baseline,dataset_b,1,0,0.6805101037025452,OVERCAST,,,
data/raw/dataset_b/subset/PATCHES/OVERCAST/2015-11-16/camera1/O_2015-11-16_13.10_C01_264.jpg,mobilenet,dataset_b,0,1,0.6802756786346436,OVERCAST,,,
data/raw/dataset_b/subset/PATCHES/SUNNY/2015-11-27/camera7/S_2015-11-27_15.19_C07_318.jpg,mobilenet,dataset_b,1,0,0.678142786026001,SUNNY,,,
data/raw/dataset_b/subset/PATCHES/SUNNY/2016-01-12/camera9/S_2016-01-12_12.26_C09_329.jpg,mobilenet,dataset_b,1,0,0.6766884326934814,SUNNY,,,
data/raw/dataset_b/subset/PATCHES/SUNNY/2016-01-12/camera5/S_2016-01-12_15.50_C05_271.jpg,mobilenet,dataset_b,1,0,0.6736524105072021,SUNNY,,,
data/raw/dataset_b/subset/PATCHES/SUNNY/2016-01-18/camera6/S_2016-01-18_16.10_C06_610.jpg,mobilenet,dataset_b,1,0,0.6728548407554626,SUNNY,,,
data/raw/dataset_b/subset/PATCHES/SUNNY/2016-01-13/camera2/S_2016-01-13_14.00_C02_602.jpg,baseline,dataset_b,1,0,0.6711255311965942,SUNNY,,,
data/raw/dataset_b/subset/PATCHES/SUNNY/2016-01-13/camera5/S_2016-01-13_15.20_C05_271.jpg,baseline,dataset_b,1,0,0.6709011197090149,SUNNY,,,
data/raw/dataset_b/subset/PATCHES/RAINY/2016-02-12/camera2/R_2016-02-12_16.05_C02_221.jpg,mobilenet,dataset_b,0,1,0.6704898476600647,RAINY,,,
data/raw/dataset_b/subset/PATCHES/OVERCAST/2015-11-16/camera5/O_2015-11-16_13.18_C05_273.jpg,baseline,dataset_b,1,0,0.6698887348175049,OVERCAST,,,
data/raw/dataset_b/subset/PATCHES/OVERCAST/2015-11-20/camera5/O_2015-11-20_15.00_C05_308.jpg,baseline,dataset_b,0,1,0.668547511100769,OVERCAST,,,
data/raw/dataset_b/subset/PATCHES/OVERCAST/2015-11-20/camera4/O_2015-11-20_14.46_C04_194.jpg,mobilenet,dataset_b,1,0,0.6685314178466797,OVERCAST,,,
data/raw/dataset_b/subset/PATCHES/SUNNY/2016-01-18/camera1/S_2016-01-18_17.05_C01_265.jpg,mobilenet,dataset_b,0,1,0.668361485004425,SUNNY,,,
data/raw/dataset_b/subset/PATCHES/OVERCAST/2015-11-20/camera1/O_2015-11-20_08.40_C01_195.jpg,mobilenet,dataset_b,0,1,0.6680469512939453,OVERCAST,,,
data/raw/dataset_b/subset/PATCHES/RAINY/2016-01-08/camera7/R_2016-01-08_17.28_C07_314.jpg,mobilenet,dataset_b,1,0,0.6679181456565857,RAINY,,,
data/raw/dataset_b/subset/PATCHES/RAINY/2016-01-14/camera2/R_2016-01-14_08.04_C02_186.jpg,mobilenet,dataset_b,1,0,0.6636256575584412,RAINY,,,
data/raw/dataset_b/subset/PATCHES/SUNNY/2016-01-18/camera1/S_2016-01-18_11.05_C01_267.jpg,mobilenet,dataset_b,1,0,0.661780595779419,SUNNY,,,
data/raw/dataset_b/subset/PATCHES/RAINY/2015-11-21/camera9/R_2015-11-21_17.17_C09_618.jpg,mobilenet,dataset_b,1,0,0.660606324672699,RAINY,,,
data/raw/dataset_b/subset/PATCHES/SUNNY/2016-01-13/camera5/S_2016-01-13_11.20_C05_230.jpg,mobilenet,dataset_b,1,0,0.6604516506195068,SUNNY,,,
data/raw/dataset_b/subset/PATCHES/OVERCAST/2015-11-25/camera6/O_2015-11-25_14.48_C06_201.jpg,mobilenet,dataset_b,1,0,0.6599195003509521,OVERCAST,,,
data/raw/dataset_b/subset/PATCHES/OVERCAST/2015-11-29/camera6/O_2015-11-29_13.18_C06_205.jpg,mobilenet,dataset_b,1,0,0.6578947305679321,OVERCAST,,,
data/raw/dataset_b/subset/PATCHES/SUNNY/2016-01-12/camera6/S_2016-01-12_10.20_C06_234.jpg,mobilenet,dataset_b,1,0,0.6569606065750122,SUNNY,,,
data/raw/dataset_b/subset/PATCHES/SUNNY/2016-01-15/camera6/S_2016-01-15_14.08_C06_241.jpg,mobilenet,dataset_b,1,0,0.6563308835029602,SUNNY,,,
data/raw/dataset_b/subset/PATCHES/OVERCAST/2015-11-20/camera9/O_2015-11-20_17.47_C09_328.jpg,mobilenet,dataset_b,1,0,0.654869556427002,OVERCAST,,,
data/raw/dataset_b/subset/PATCHES/RAINY/2016-01-08/camera7/R_2016-01-08_08.58_C07_206.jpg,mobilenet,dataset_b,0,1,0.6545175313949585,RAINY,,,
data/raw/dataset_b/subset/PATCHES/OVERCAST/2015-11-20/camera7/O_2015-11-20_17.48_C07_612.jpg,mobilenet,dataset_b,1,0,0.6536988615989685,OVERCAST,,,
data/raw/dataset_b/subset/PATCHES/SUNNY/2015-12-10/camera2/S_2015-12-10_11.15_C02_185.jpg,baseline,dataset_b,1,0,0.6533371806144714,SUNNY,,,
data/raw/dataset_b/subset/PATCHES/RAINY/2016-02-12/camera6/R_2016-02-12_12.54_C06_203.jpg,baseline,dataset_b,1,0,0.6532927751541138,RAINY,,,
data/raw/dataset_b/subset/PATCHES/RAINY/2016-01-08/camera6/R_2016-01-08_17.23_C06_242.jpg,mobilenet,dataset_b,1,0,0.6529543995857239,RAINY,,,
data/raw/dataset_b/subset/PATCHES/SUNNY/2015-11-27/camera9/S_2015-11-27_13.17_C09_259.jpg,baseline,dataset_b,1,0,0.6524279117584229,SUNNY,,,
data/raw/dataset_b/subset/PATCHES/SUNNY/2016-01-16/camera8/S_2016-01-16_09.49_C08_290.jpg,baseline,dataset_b,0,1,0.651940107345581,SUNNY,NORMAL,NONE,assistant_visual_review_of_original_crop_contact_sheet
data/raw/dataset_b/subset/PATCHES/SUNNY/2016-01-15/camera6/S_2016-01-15_14.08_C06_241.jpg,baseline,dataset_b,1,0,0.6513289213180542,SUNNY,,,
data/raw/dataset_b/subset/PATCHES/SUNNY/2016-01-16/camera7/S_2016-01-16_14.13_C07_313.jpg,baseline,dataset_b,0,1,0.6501139998435974,SUNNY,,,
data/raw/dataset_b/subset/PATCHES/OVERCAST/2015-11-25/camera8/O_2015-11-25_08.00_C08_213.jpg,baseline,dataset_b,0,1,0.649017870426178,OVERCAST,,,
data/raw/dataset_b/subset/PATCHES/OVERCAST/2015-12-18/camera1/O_2015-12-18_15.18_C01_266.jpg,mobilenet,dataset_b,0,1,0.6442363262176514,OVERCAST,,,
data/raw/dataset_b/subset/PATCHES/SUNNY/2016-01-18/camera8/S_2016-01-18_09.14_C08_286.jpg,baseline,dataset_b,0,1,0.6427066922187805,SUNNY,,,
data/raw/dataset_b/subset/PATCHES/SUNNY/2016-01-12/camera4/S_2016-01-12_13.49_C04_231.jpg,baseline,dataset_b,1,0,0.6421753168106079,SUNNY,,,
data/raw/dataset_b/subset/PATCHES/SUNNY/2015-11-22/camera9/S_2015-11-22_13.47_C09_331.jpg,mobilenet,dataset_b,1,0,0.6413785219192505,SUNNY,,,
data/raw/dataset_b/subset/PATCHES/OVERCAST/2015-12-18/camera5/O_2015-12-18_16.56_C05_237.jpg,mobilenet,dataset_b,1,0,0.6383019685745239,OVERCAST,,,
data/raw/dataset_b/subset/PATCHES/SUNNY/2016-01-16/camera9/S_2016-01-16_10.40_C09_254.jpg,baseline,dataset_b,1,0,0.6370129585266113,SUNNY,,,
data/raw/dataset_b/subset/PATCHES/SUNNY/2016-01-13/camera4/S_2016-01-13_11.20_C04_297.jpg,mobilenet,dataset_b,1,0,0.6360621452331543,SUNNY,,,
data/raw/dataset_b/subset/PATCHES/OVERCAST/2015-12-03/camera1/O_2015-12-03_11.41_C01_224.jpg,mobilenet,dataset_b,1,0,0.6353847980499268,OVERCAST,,,
data/raw/dataset_b/subset/PATCHES/SUNNY/2015-12-10/camera7/S_2015-12-10_14.51_C07_275.jpg,mobilenet,dataset_b,1,0,0.6350823044776917,SUNNY,,,
data/raw/dataset_b/subset/PATCHES/OVERCAST/2015-11-29/camera4/O_2015-11-29_10.17_C04_265.jpg,baseline,dataset_b,0,1,0.6345675587654114,OVERCAST,,,
data/raw/dataset_b/subset/PATCHES/SUNNY/2016-01-15/camera8/S_2016-01-15_14.06_C08_290.jpg,baseline,dataset_b,0,1,0.634208619594574,SUNNY,,,
data/raw/dataset_b/subset/PATCHES/RAINY/2016-01-08/camera7/R_2016-01-08_17.28_C07_285.jpg,mobilenet,dataset_b,1,0,0.6341890692710876,RAINY,,,
data/raw/dataset_b/subset/PATCHES/SUNNY/2016-01-15/camera7/S_2016-01-15_10.41_C07_277.jpg,baseline,dataset_b,1,0,0.6340287923812866,SUNNY,,,
data/raw/dataset_b/subset/PATCHES/SUNNY/2016-01-13/camera7/S_2016-01-13_16.22_C07_318.jpg,mobilenet,dataset_b,1,0,0.6332851648330688,SUNNY,,,
data/raw/dataset_b/subset/PATCHES/OVERCAST/2015-12-19/camera7/O_2015-12-19_10.24_C07_309.jpg,mobilenet,dataset_b,1,0,0.6317520141601562,OVERCAST,,,
data/raw/dataset_b/subset/PATCHES/SUNNY/2015-12-17/camera1/S_2015-12-17_13.48_C01_184.jpg,mobilenet,dataset_b,1,0,0.6315355896949768,SUNNY,,,
data/raw/dataset_b/subset/PATCHES/OVERCAST/2015-11-16/camera1/O_2015-11-16_07.40_C01_224.jpg,baseline,dataset_b,0,1,0.629721462726593,OVERCAST,,,
data/raw/dataset_b/subset/PATCHES/RAINY/2016-01-08/camera6/R_2016-01-08_15.53_C06_205.jpg,mobilenet,dataset_b,1,0,0.6276775598526001,RAINY,,,
data/raw/dataset_b/subset/PATCHES/SUNNY/2015-11-12/camera5/S_2015-11-12_08.47_C05_276.jpg,baseline,dataset_b,0,1,0.6271966099739075,SUNNY,,,
data/raw/dataset_b/subset/PATCHES/SUNNY/2015-11-27/camera2/S_2015-11-27_15.14_C02_602.jpg,mobilenet,dataset_b,1,0,0.6266841888427734,SUNNY,,,
data/raw/dataset_b/subset/PATCHES/OVERCAST/2015-11-16/camera6/O_2015-11-16_09.47_C06_280.jpg,mobilenet,dataset_b,0,1,0.6256638765335083,OVERCAST,,,
data/raw/dataset_b/subset/PATCHES/SUNNY/2016-01-15/camera2/S_2016-01-15_16.04_C02_185.jpg,mobilenet,dataset_b,1,0,0.6247188448905945,SUNNY,,,
data/raw/dataset_b/subset/PATCHES/SUNNY/2016-01-13/camera1/S_2016-01-13_10.18_C01_194.jpg,mobilenet,dataset_b,1,0,0.6219704151153564,SUNNY,,,
data/raw/dataset_b/subset/PATCHES/OVERCAST/2015-11-16/camera1/O_2015-11-16_14.10_C01_229.jpg,mobilenet,dataset_b,1,0,0.6217578649520874,OVERCAST,,,
data/raw/dataset_b/subset/PATCHES/SUNNY/2016-01-18/camera1/S_2016-01-18_15.05_C01_194.jpg,mobilenet,dataset_b,1,0,0.6215953826904297,SUNNY,,,
data/raw/dataset_b/subset/PATCHES/SUNNY/2016-01-18/camera3/S_2016-01-18_09.05_C03_190.jpg,baseline,dataset_b,0,1,0.6174483895301819,SUNNY,,,
data/raw/dataset_b/subset/PATCHES/SUNNY/2015-11-27/camera5/S_2015-11-27_07.17_C05_276.jpg,baseline,dataset_b,0,1,0.6126904487609863,SUNNY,,,
data/raw/dataset_b/subset/PATCHES/SUNNY/2016-01-16/camera3/S_2016-01-16_14.35_C03_191.jpg,baseline,dataset_b,1,0,0.6117953062057495,SUNNY,,,
data/raw/dataset_b/subset/PATCHES/RAINY/2015-12-22/camera2/R_2015-12-22_10.47_C02_185.jpg,mobilenet,dataset_b,1,0,0.6117632985115051,RAINY,,,
data/raw/dataset_b/subset/PATCHES/OVERCAST/2015-11-25/camera5/O_2015-11-25_07.13_C05_276.jpg,baseline,dataset_b,0,1,0.6113596558570862,OVERCAST,,,
data/raw/dataset_b/subset/PATCHES/OVERCAST/2015-12-03/camera4/O_2015-12-03_13.17_C04_193.jpg,mobilenet,dataset_b,1,0,0.6092230081558228,OVERCAST,,,
data/raw/dataset_b/subset/PATCHES/SUNNY/2015-11-22/camera1/S_2015-11-22_14.10_C01_186.jpg,mobilenet,dataset_b,1,0,0.6089476943016052,SUNNY,,,
data/raw/dataset_b/subset/PATCHES/SUNNY/2015-11-27/camera8/S_2015-11-27_11.34_C08_329.jpg,mobilenet,dataset_b,1,0,0.6081300377845764,SUNNY,,,
data/raw/dataset_b/subset/PATCHES/RAINY/2016-01-08/camera5/R_2016-01-08_12.03_C05_304.jpg,baseline,dataset_b,1,0,0.6079005002975464,RAINY,,,
data/raw/dataset_b/subset/PATCHES/SUNNY/2016-01-13/camera6/S_2016-01-13_11.20_C06_273.jpg,baseline,dataset_b,1,0,0.6073865294456482,SUNNY,,,
data/raw/dataset_b/subset/PATCHES/RAINY/2015-12-22/camera4/R_2015-12-22_16.21_C04_269.jpg,baseline,dataset_b,0,1,0.6062766909599304,RAINY,,,
data/raw/dataset_b/subset/PATCHES/OVERCAST/2015-11-29/camera1/O_2015-11-29_13.10_C01_196.jpg,mobilenet,dataset_b,1,0,0.6053822636604309,OVERCAST,,,
data/raw/dataset_b/subset/PATCHES/OVERCAST/2015-11-29/camera6/O_2015-11-29_12.48_C06_205.jpg,mobilenet,dataset_b,1,0,0.6041966676712036,OVERCAST,,,
data/raw/dataset_b/subset/PATCHES/SUNNY/2016-01-13/camera6/S_2016-01-13_10.50_C06_610.jpg,mobilenet,dataset_b,1,0,0.6002154350280762,SUNNY,BRIGHT,NONE,assistant_visual_review_of_original_crop_contact_sheet
data/raw/dataset_b/subset/PATCHES/OVERCAST/2015-11-25/camera3/O_2015-11-25_16.46_C03_192.jpg,mobilenet,dataset_b,1,0,0.6000584363937378,OVERCAST,,,
data/raw/dataset_b/subset/PATCHES/SUNNY/2015-11-22/camera1/S_2015-11-22_10.10_C01_195.jpg,baseline,dataset_b,0,1,0.5971651673316956,SUNNY,,,
data/raw/dataset_b/subset/PATCHES/OVERCAST/2015-11-25/camera3/O_2015-11-25_11.46_C03_605.jpg,baseline,dataset_b,1,0,0.5950743556022644,OVERCAST,,,
data/raw/dataset_b/subset/PATCHES/OVERCAST/2015-12-19/camera3/O_2015-12-19_10.18_C03_188.jpg,baseline,dataset_b,0,1,0.5942575335502625,OVERCAST,,,
data/raw/dataset_b/subset/PATCHES/OVERCAST/2015-11-16/camera1/O_2015-11-16_14.10_C01_193.jpg,baseline,dataset_b,1,0,0.5915166139602661,OVERCAST,,,
data/raw/dataset_b/subset/PATCHES/SUNNY/2016-01-13/camera5/S_2016-01-13_15.20_C05_300.jpg,mobilenet,dataset_b,1,0,0.5913332104682922,SUNNY,,,
data/raw/dataset_b/subset/PATCHES/RAINY/2016-01-08/camera9/R_2016-01-08_11.25_C09_296.jpg,baseline,dataset_b,1,0,0.590775191783905,RAINY,,,
data/raw/dataset_b/subset/PATCHES/RAINY/2016-01-08/camera1/R_2016-01-08_07.49_C01_603.jpg,baseline,dataset_b,0,1,0.5898839235305786,RAINY,,,
data/raw/dataset_b/subset/PATCHES/OVERCAST/2015-12-19/camera1/O_2015-12-19_13.48_C01_224.jpg,mobilenet,dataset_b,0,1,0.5898076891899109,OVERCAST,,,
data/raw/dataset_b/subset/PATCHES/RAINY/2015-11-21/camera3/R_2015-11-21_10.15_C03_223.jpg,baseline,dataset_b,0,1,0.5895577669143677,RAINY,,,
data/raw/dataset_b/subset/PATCHES/RAINY/2016-01-14/camera9/R_2016-01-14_08.40_C09_295.jpg,baseline,dataset_b,0,1,0.5878804922103882,RAINY,,,
data/raw/dataset_b/subset/PATCHES/SUNNY/2016-01-15/camera2/S_2016-01-15_14.04_C02_184.jpg,mobilenet,dataset_b,1,0,0.5868028402328491,SUNNY,,,
data/raw/dataset_b/subset/PATCHES/SUNNY/2016-01-12/camera7/S_2016-01-12_11.21_C07_211.jpg,mobilenet,dataset_b,1,0,0.5845992565155029,SUNNY,,,
data/raw/dataset_b/subset/PATCHES/RAINY/2016-02-12/camera1/R_2016-02-12_10.40_C01_265.jpg,mobilenet,dataset_b,1,0,0.5835331082344055,RAINY,,,
data/raw/dataset_b/subset/PATCHES/SUNNY/2015-12-10/camera8/S_2015-12-10_08.10_C08_323.jpg,baseline,dataset_b,0,1,0.5834320187568665,SUNNY,,,
data/raw/dataset_b/subset/PATCHES/SUNNY/2016-01-18/camera6/S_2016-01-18_09.10_C06_308.jpg,baseline,dataset_b,0,1,0.583349883556366,SUNNY,,,
data/raw/dataset_b/subset/PATCHES/OVERCAST/2015-12-18/camera1/O_2015-12-18_15.48_C01_264.jpg,mobilenet,dataset_b,0,1,0.5805419683456421,OVERCAST,,,
data/raw/dataset_b/subset/PATCHES/SUNNY/2015-11-12/camera1/S_2015-11-12_11.09_C01_186.jpg,mobilenet,dataset_b,1,0,0.5783030986785889,SUNNY,,,
data/raw/dataset_b/subset/PATCHES/SUNNY/2015-12-10/camera4/S_2015-12-10_11.48_C04_226.jpg,baseline,dataset_b,1,0,0.5779761075973511,SUNNY,,,
data/raw/dataset_b/subset/PATCHES/OVERCAST/2015-12-18/camera1/O_2015-12-18_10.48_C01_226.jpg,baseline,dataset_b,1,0,0.5766699910163879,OVERCAST,,,
data/raw/dataset_b/subset/PATCHES/RAINY/2015-12-22/camera8/R_2015-12-22_09.21_C08_291.jpg,baseline,dataset_b,0,1,0.5726601481437683,RAINY,,,
data/raw/dataset_b/subset/PATCHES/OVERCAST/2015-12-18/camera4/O_2015-12-18_11.51_C04_226.jpg,baseline,dataset_b,1,0,0.5694818496704102,OVERCAST,,,
data/raw/dataset_b/subset/PATCHES/RAINY/2016-02-12/camera2/R_2016-02-12_08.35_C02_188.jpg,baseline,dataset_b,0,1,0.5689387917518616,RAINY,,,
data/raw/dataset_b/subset/PATCHES/SUNNY/2016-01-12/camera7/S_2016-01-12_13.21_C07_274.jpg,mobilenet,dataset_b,1,0,0.5685151219367981,SUNNY,,,
data/raw/dataset_b/subset/PATCHES/OVERCAST/2015-11-25/camera5/O_2015-11-25_14.13_C05_300.jpg,mobilenet,dataset_b,1,0,0.5661494731903076,OVERCAST,,,
data/raw/dataset_b/subset/PATCHES/SUNNY/2016-01-13/camera5/S_2016-01-13_15.20_C05_271.jpg,mobilenet,dataset_b,1,0,0.5646377801895142,SUNNY,,,
data/raw/dataset_b/subset/PATCHES/OVERCAST/2015-11-29/camera1/O_2015-11-29_10.40_C01_184.jpg,mobilenet,dataset_b,1,0,0.5631613731384277,OVERCAST,,,
data/raw/dataset_b/subset/PATCHES/OVERCAST/2015-11-16/camera4/O_2015-11-16_14.46_C04_193.jpg,mobilenet,dataset_b,1,0,0.5624666810035706,OVERCAST,,,
data/raw/dataset_b/subset/PATCHES/SUNNY/2015-12-17/camera2/S_2015-12-17_13.47_C02_188.jpg,baseline,dataset_b,0,1,0.5623964667320251,SUNNY,,,
data/raw/dataset_b/subset/PATCHES/SUNNY/2015-11-27/camera1/S_2015-11-27_16.10_C01_195.jpg,mobilenet,dataset_b,1,0,0.5623804330825806,SUNNY,,,
data/raw/dataset_b/subset/PATCHES/SUNNY/2015-12-10/camera3/S_2015-12-10_10.16_C03_191.jpg,mobilenet,dataset_b,1,0,0.5623640418052673,SUNNY,,,
data/raw/dataset_b/subset/PATCHES/OVERCAST/2015-11-29/camera9/O_2015-11-29_15.17_C09_331.jpg,baseline,dataset_b,1,0,0.5603920817375183,OVERCAST,,,
data/raw/dataset_b/subset/PATCHES/OVERCAST/2015-12-03/camera6/O_2015-12-03_13.19_C06_311.jpg,baseline,dataset_b,1,0,0.5597020387649536,OVERCAST,,,
data/raw/dataset_b/subset/PATCHES/SUNNY/2015-11-22/camera5/S_2015-11-22_14.36_C05_229.jpg,baseline,dataset_b,0,1,0.5588961243629456,SUNNY,,,
data/raw/dataset_b/subset/PATCHES/SUNNY/2016-01-12/camera8/S_2016-01-12_12.29_C08_326.jpg,mobilenet,dataset_b,1,0,0.5587719678878784,SUNNY,,,
data/raw/dataset_b/subset/PATCHES/SUNNY/2016-01-13/camera8/S_2016-01-13_16.05_C08_289.jpg,baseline,dataset_b,1,0,0.5573002696037292,SUNNY,,,
data/raw/dataset_b/subset/PATCHES/OVERCAST/2015-11-16/camera7/O_2015-11-16_08.17_C07_240.jpg,baseline,dataset_b,0,1,0.5559302568435669,OVERCAST,,,
data/raw/dataset_b/subset/PATCHES/RAINY/2016-01-09/camera5/R_2016-01-09_14.57_C05_199.jpg,baseline,dataset_b,0,1,0.5541167259216309,RAINY,,,
data/raw/dataset_b/subset/PATCHES/SUNNY/2016-01-15/camera4/S_2016-01-15_13.07_C04_265.jpg,baseline,dataset_b,0,1,0.5540364980697632,SUNNY,,,
data/raw/dataset_b/subset/PATCHES/RAINY/2016-01-14/camera1/R_2016-01-14_16.05_C01_230.jpg,mobilenet,dataset_b,1,0,0.5532392263412476,RAINY,,,
data/raw/dataset_b/subset/PATCHES/RAINY/2016-01-08/camera1/R_2016-01-08_15.49_C01_262.jpg,mobilenet,dataset_b,1,0,0.5523974895477295,RAINY,,,
data/raw/dataset_b/subset/PATCHES/SUNNY/2015-12-17/camera3/S_2015-12-17_13.48_C03_191.jpg,baseline,dataset_b,1,0,0.5517692565917969,SUNNY,,,
data/raw/dataset_b/subset/PATCHES/OVERCAST/2015-12-18/camera1/O_2015-12-18_08.18_C01_607.jpg,baseline,dataset_b,0,1,0.5493648648262024,OVERCAST,,,
data/raw/dataset_b/subset/PATCHES/RAINY/2016-02-12/camera4/R_2016-02-12_16.11_C04_302.jpg,mobilenet,dataset_b,1,0,0.5453822016716003,RAINY,,,
data/raw/dataset_b/subset/PATCHES/SUNNY/2015-12-17/camera2/S_2015-12-17_09.17_C02_601.jpg,baseline,dataset_b,0,1,0.5449630618095398,SUNNY,,,
data/raw/dataset_b/subset/PATCHES/SUNNY/2015-12-10/camera4/S_2015-12-10_15.48_C04_225.jpg,baseline,dataset_b,1,0,0.5441164374351501,SUNNY,NORMAL,NONE,assistant_visual_review_of_original_crop_contact_sheet
data/raw/dataset_b/subset/PATCHES/SUNNY/2015-11-12/camera2/S_2015-11-12_13.44_C02_184.jpg,mobilenet,dataset_b,1,0,0.5433421730995178,SUNNY,,,
data/raw/dataset_b/subset/PATCHES/OVERCAST/2015-11-29/camera2/O_2015-11-29_14.14_C02_184.jpg,mobilenet,dataset_b,1,0,0.5413864254951477,OVERCAST,,,
data/raw/dataset_b/subset/PATCHES/OVERCAST/2015-11-20/camera6/O_2015-11-20_07.17_C06_269.jpg,mobilenet,dataset_b,0,1,0.5407513380050659,OVERCAST,,,
data/raw/dataset_b/subset/PATCHES/RAINY/2016-01-09/camera1/R_2016-01-09_12.19_C01_223.jpg,baseline,dataset_b,0,1,0.5393708944320679,RAINY,,,
data/raw/dataset_b/subset/PATCHES/OVERCAST/2015-12-19/camera5/O_2015-12-19_09.37_C05_237.jpg,mobilenet,dataset_b,1,0,0.5390840172767639,OVERCAST,,,
data/raw/dataset_b/subset/PATCHES/RAINY/2016-01-14/camera9/R_2016-01-14_15.10_C09_329.jpg,baseline,dataset_b,1,0,0.5367361903190613,RAINY,,,
data/raw/dataset_b/subset/PATCHES/SUNNY/2016-01-12/camera1/S_2016-01-12_07.46_C01_195.jpg,baseline,dataset_b,0,1,0.5348551869392395,SUNNY,,,
data/raw/dataset_b/subset/PATCHES/SUNNY/2015-12-17/camera3/S_2015-12-17_08.48_C03_263.jpg,baseline,dataset_b,0,1,0.5313714742660522,SUNNY,,,
data/raw/dataset_b/subset/PATCHES/RAINY/2016-01-14/camera5/R_2016-01-14_10.38_C05_299.jpg,mobilenet,dataset_b,1,0,0.5309370756149292,RAINY,,,
data/raw/dataset_b/subset/PATCHES/SUNNY/2015-12-10/camera8/S_2015-12-10_09.41_C08_325.jpg,mobilenet,dataset_b,0,1,0.5304227471351624,SUNNY,,,
data/raw/dataset_b/subset/PATCHES/SUNNY/2015-12-17/camera3/S_2015-12-17_11.18_C03_604.jpg,mobilenet,dataset_b,1,0,0.5292952656745911,SUNNY,,,
data/raw/dataset_b/subset/PATCHES/RAINY/2016-01-14/camera6/R_2016-01-14_11.08_C06_233.jpg,mobilenet,dataset_b,1,0,0.5289398431777954,RAINY,,,
data/raw/dataset_b/subset/PATCHES/SUNNY/2016-01-13/camera6/S_2016-01-13_14.20_C06_273.jpg,mobilenet,dataset_b,0,1,0.5268211960792542,SUNNY,,,
data/raw/dataset_b/subset/PATCHES/SUNNY/2016-01-15/camera6/S_2016-01-15_13.08_C06_274.jpg,baseline,dataset_b,0,1,0.5265169739723206,SUNNY,,,
data/raw/dataset_b/subset/PATCHES/OVERCAST/2015-12-03/camera9/O_2015-12-03_07.17_C09_257.jpg,baseline,dataset_b,0,1,0.5253346562385559,OVERCAST,,,
data/raw/dataset_b/subset/PATCHES/SUNNY/2015-11-22/camera4/S_2015-11-22_10.46_C04_262.jpg,baseline,dataset_b,0,1,0.5253275632858276,SUNNY,,,
data/raw/dataset_b/subset/PATCHES/SUNNY/2016-01-16/camera3/S_2016-01-16_12.05_C03_299.jpg,baseline,dataset_b,0,1,0.5248183012008667,SUNNY,,,
data/raw/dataset_b/subset/PATCHES/RAINY/2016-01-09/camera1/R_2016-01-09_14.49_C01_225.jpg,baseline,dataset_b,0,1,0.5235601663589478,RAINY,,,
data/raw/dataset_b/subset/PATCHES/RAINY/2016-01-08/camera7/R_2016-01-08_14.58_C07_211.jpg,baseline,dataset_b,1,0,0.5214858055114746,RAINY,,,
data/raw/dataset_b/subset/PATCHES/OVERCAST/2015-12-03/camera5/O_2015-12-03_09.18_C05_274.jpg,baseline,dataset_b,0,1,0.5213766098022461,OVERCAST,,,
data/raw/dataset_b/subset/PATCHES/SUNNY/2015-12-10/camera7/S_2015-12-10_14.51_C07_275.jpg,baseline,dataset_b,1,0,0.5202219486236572,SUNNY,,,
data/raw/dataset_b/subset/PATCHES/SUNNY/2015-12-10/camera2/S_2015-12-10_14.45_C02_184.jpg,baseline,dataset_b,0,1,0.519584059715271,SUNNY,,,
data/raw/dataset_b/subset/PATCHES/SUNNY/2015-11-12/camera6/S_2015-11-12_09.46_C06_313.jpg,mobilenet,dataset_b,0,1,0.5193707942962646,SUNNY,,,
data/raw/dataset_b/subset/PATCHES/OVERCAST/2015-11-16/camera7/O_2015-11-16_07.47_C07_286.jpg,mobilenet,dataset_b,0,1,0.5193263292312622,OVERCAST,,,
data/raw/dataset_b/subset/PATCHES/SUNNY/2016-01-13/camera2/S_2016-01-13_14.30_C02_188.jpg,mobilenet,dataset_b,1,0,0.5192056894302368,SUNNY,,,
data/raw/dataset_b/subset/PATCHES/SUNNY/2016-01-15/camera8/S_2016-01-15_15.39_C08_293.jpg,mobilenet,dataset_b,0,1,0.5189257264137268,SUNNY,,,
data/raw/dataset_b/subset/PATCHES/SUNNY/2016-01-15/camera4/S_2016-01-15_12.07_C04_303.jpg,mobilenet,dataset_b,1,0,0.5186210870742798,SUNNY,,,
data/raw/dataset_b/subset/PATCHES/SUNNY/2015-11-27/camera1/S_2015-11-27_15.40_C01_608.jpg,mobilenet,dataset_b,1,0,0.5161885023117065,SUNNY,,,
data/raw/dataset_b/subset/PATCHES/OVERCAST/2015-11-25/camera1/O_2015-11-25_12.10_C01_191.jpg,mobilenet,dataset_b,1,0,0.5160439014434814,OVERCAST,,,
data/raw/dataset_b/subset/PATCHES/RAINY/2016-02-12/camera6/R_2016-02-12_10.54_C06_203.jpg,baseline,dataset_b,1,0,0.5134028196334839,RAINY,,,
data/raw/dataset_b/subset/PATCHES/OVERCAST/2015-12-19/camera1/O_2015-12-19_13.48_C01_224.jpg,baseline,dataset_b,0,1,0.5128012895584106,OVERCAST,,,
data/raw/dataset_b/subset/PATCHES/SUNNY/2015-12-10/camera6/S_2015-12-10_09.49_C06_305.jpg,baseline,dataset_b,0,1,0.5103897452354431,SUNNY,,,
data/raw/dataset_b/subset/PATCHES/OVERCAST/2015-12-18/camera1/O_2015-12-18_10.48_C01_226.jpg,mobilenet,dataset_b,1,0,0.5095967054367065,OVERCAST,,,
data/raw/dataset_b/subset/PATCHES/OVERCAST/2015-11-20/camera3/O_2015-11-20_14.45_C03_192.jpg,mobilenet,dataset_b,1,0,0.5087624192237854,OVERCAST,,,
data/raw/dataset_b/subset/PATCHES/SUNNY/2016-01-12/camera1/S_2016-01-12_11.17_C01_263.jpg,mobilenet,dataset_b,1,0,0.5082260966300964,SUNNY,,,
data/raw/dataset_b/subset/PATCHES/OVERCAST/2015-11-25/camera9/O_2015-11-25_14.17_C09_328.jpg,mobilenet,dataset_b,1,0,0.5081622004508972,OVERCAST,,,
data/raw/dataset_b/subset/PATCHES/OVERCAST/2015-12-19/camera5/O_2015-12-19_10.07_C05_309.jpg,mobilenet,dataset_b,1,0,0.5076165199279785,OVERCAST,,,
data/raw/dataset_b/subset/PATCHES/RAINY/2016-02-12/camera2/R_2016-02-12_16.35_C02_601.jpg,mobilenet,dataset_b,1,0,0.5067763328552246,RAINY,,,
data/raw/dataset_b/subset/PATCHES/OVERCAST/2015-12-18/camera7/O_2015-12-18_09.54_C07_611.jpg,mobilenet,dataset_b,1,0,0.5043659210205078,OVERCAST,,,
data/raw/dataset_b/subset/PATCHES/SUNNY/2016-01-13/camera6/S_2016-01-13_10.50_C06_274.jpg,baseline,dataset_b,1,0,0.5020941495895386,SUNNY,,,
data/raw/dataset_b/subset/PATCHES/SUNNY/2016-01-15/camera8/S_2016-01-15_15.39_C08_293.jpg,baseline,dataset_b,0,1,0.5018355846405029,SUNNY,,,
data/raw/dataset_b/subset/PATCHES/RAINY/2016-02-12/camera1/R_2016-02-12_16.10_C01_190.jpg,baseline,dataset_b,0,1,0.5017194747924805,RAINY,,,
data/raw/dataset_b/subset/PATCHES/OVERCAST/2015-12-18/camera1/O_2015-12-18_13.18_C01_224.jpg,baseline,dataset_b,0,1,0.5009081363677979,OVERCAST,,,
